,rel,train_step,solver_step
0,0.11607403308153152,0,0
1,0.05790723115205765,0,1
2,0.01474982500076294,0,2
3,0.007757046725600958,0,3
4,0.00210012448951602,0,4
5,0.001080643618479371,0,5
6,0.0004606885777320713,0,6
7,0.00018351891776546836,0,7
8,0.00010009572724811733,0,8
9,3.1926410883897915e-05,0,9
10,3.1926410883897915e-05,0,10
11,3.1926410883897915e-05,0,11
0,0.24743638932704926,1000,0
1,0.09937801212072372,1000,1
2,0.028086021542549133,1000,2
3,0.012051754631102085,1000,3
4,0.003832845948636532,1000,4
5,0.002036054152995348,1000,5
6,0.000983597943559289,1000,6
7,0.0004115658230148256,1000,7
8,0.00020703072368633002,1000,8
9,7.942702359287068e-05,1000,9
10,4.24885110987816e-05,1000,10
11,4.24885110987816e-05,1000,11
0,0.2651464343070984,2000,0
1,0.10024234652519226,2000,1
2,0.02971603162586689,2000,2
3,0.010275201871991158,2000,3
4,0.0049294596537947655,2000,4
5,0.002449805149808526,2000,5
6,0.0008741020574234426,2000,6
7,0.00047688750782981515,2000,7
8,0.0001298020506510511,2000,8
9,6.61007288726978e-05,2000,9
10,2.2652528059552424e-05,2000,10
11,2.2652528059552424e-05,2000,11
0,0.2727503478527069,3000,0
1,0.0903203934431076,3000,1
2,0.029254846274852753,3000,2
3,0.009809871204197407,3000,3
4,0.004505620338022709,3000,4
5,0.0018278456991538405,3000,5
6,0.0005766131798736751,3000,6
7,0.0002569063799455762,3000,7
8,7.650751649634913e-05,3000,8
9,3.5229077184339985e-05,3000,9
10,1.4622009985032491e-05,3000,10
11,1.4567162907042075e-05,3000,11
0,0.2715030908584595,4000,0
1,0.08470425754785538,4000,1
2,0.029235582798719406,4000,2
3,0.010624276474118233,4000,3
4,0.003991682548075914,4000,4
5,0.0016603133408352733,4000,5
6,0.00047378669842146337,4000,6
7,0.00019809383957181126,4000,7
8,7.16339927748777e-05,4000,8
9,4.400587567943148e-05,4000,9
10,1.460931252950104e-05,4000,10
11,1.4602927876694594e-05,4000,11
0,0.2723846137523651,5000,0
1,0.0817788690328598,5000,1
2,0.0297530647367239,5000,2
3,0.012242051772773266,5000,3
4,0.0037163710221648216,5000,4
5,0.0015730964951217175,5000,5
6,0.00041995159699581563,5000,6
7,0.00026889776927419007,5000,7
8,0.00011027971777366474,5000,8
9,6.025765833328478e-05,5000,9
10,3.134488724754192e-05,5000,10
11,3.089095116592944e-05,5000,11
0,0.27422359585762024,6000,0
1,0.07929226756095886,6000,1
2,0.029534023255109787,6000,2
3,0.012570561841130257,6000,3
4,0.0031206239946186543,6000,4
5,0.001309889485128224,6000,5
6,0.00032398526673205197,6000,6
7,0.00012422280269674957,6000,7
8,4.498281850828789e-05,6000,8
9,2.3303255147766322e-05,6000,9
10,7.198012099252082e-06,6000,10
11,7.198012099252082e-06,6000,11
0,0.27610471844673157,7000,0
1,0.08073347061872482,7000,1
2,0.0304856114089489,7000,2
3,0.012893193401396275,7000,3
4,0.003200711915269494,7000,4
5,0.0013372793328016996,7000,5
6,0.00032244407339021564,7000,6
7,0.00012272347521502525,7000,7
8,4.2155279516009614e-05,7000,8
9,1.6497262549819425e-05,7000,9
10,1.6497262549819425e-05,7000,10
11,1.6497262549819425e-05,7000,11
0,0.2652260363101959,8000,0
1,0.07627136260271072,8000,1
2,0.028389107435941696,8000,2
3,0.010820722207427025,8000,3
4,0.0028647298458963633,8000,4
5,0.0011805666144937277,8000,5
6,0.0002737291797529906,8000,6
7,0.00011063624697271734,8000,7
8,3.7657951907021925e-05,8000,8
9,1.5565241483272985e-05,8000,9
10,1.554825394123327e-05,8000,10
11,1.554825394123327e-05,8000,11
0,0.2619309723377228,9000,0
1,0.07553628832101822,9000,1
2,0.027412066236138344,9000,2
3,0.009887640364468098,9000,3
4,0.002527880249544978,9000,4
5,0.0010359134757891297,9000,5
6,0.00022745758178643882,9000,6
7,9.396711539011449e-05,9000,7
8,2.8944969017175026e-05,9000,8
9,1.640005939407274e-05,9000,9
10,5.9884737311222125e-06,9000,10
11,5.747447630710667e-06,9000,11
0,0.26414844393730164,10000,0
1,0.07724245637655258,10000,1
2,0.02793775126338005,10000,2
3,0.00996020995080471,10000,3
4,0.002534223720431328,10000,4
5,0.0010592545149847865,10000,5
6,0.00023747132217977196,10000,6
7,9.586799569660798e-05,10000,7
8,2.7394471544539556e-05,10000,8
9,1.10765859062667e-05,10000,9
10,4.288355285098078e-06,10000,10
11,4.164317033428233e-06,10000,11
0,0.25310131907463074,11000,0
1,0.07258573174476624,11000,1
2,0.02589167281985283,11000,2
3,0.00880548357963562,11000,3
4,0.0022915492299944162,11000,4
5,0.000901112100109458,11000,5
6,0.00021464889869093895,11000,6
7,8.64130852278322e-05,11000,7
8,2.899814171541948e-05,11000,8
9,1.2267282727407292e-05,11000,9
10,4.7940197873685975e-06,11000,10
11,4.5904453145340085e-06,11000,11
0,0.25388115644454956,12000,0
1,0.07166329026222229,12000,1
2,0.02565794624388218,12000,2
3,0.008535027503967285,12000,3
4,0.0020895253401249647,12000,4
5,0.0008097924292087555,12000,5
6,0.00019677741511259228,12000,6
7,7.702200673520565e-05,12000,7
8,2.5883566195261665e-05,12000,8
9,1.101685302273836e-05,12000,9
10,3.868865860567894e-06,12000,10
11,3.868865860567894e-06,12000,11
0,0.2532203495502472,13000,0
1,0.07205548882484436,13000,1
2,0.02555590309202671,13000,2
3,0.008288760669529438,13000,3
4,0.0020662350580096245,13000,4
5,0.0007824901258572936,13000,5
6,0.00019128718122374266,13000,6
7,7.296709372894838e-05,13000,7
8,2.2561591322300956e-05,13000,8
9,7.996785825525876e-06,13000,9
10,7.996785825525876e-06,13000,10
11,7.996785825525876e-06,13000,11
0,0.26054811477661133,14000,0
1,0.07424680143594742,14000,1
2,0.02646384947001934,14000,2
3,0.008490952663123608,14000,3
4,0.0019568304996937513,14000,4
5,0.000731721636839211,14000,5
6,0.00017182934971060604,14000,6
7,6.38771743979305e-05,14000,7
8,1.980972410819959e-05,14000,8
9,7.73815827415092e-06,14000,9
10,7.73815827415092e-06,14000,10
11,7.73815827415092e-06,14000,11
0,0.24973568320274353,15000,0
1,0.07224241644144058,15000,1
2,0.027972381561994553,15000,2
3,0.017481543123722076,15000,3
4,0.005876915063709021,15000,4
5,0.002726638223975897,15000,5
6,0.0013066823594272137,15000,6
7,0.0004896937753073871,15000,7
8,0.00020544271683320403,15000,8
9,8.867208089213818e-05,15000,9
10,3.629526690929197e-05,15000,10
11,1.55335474119056e-05,15000,11
0,0.25255754590034485,16000,0
1,0.07259058207273483,16000,1
2,0.025509772822260857,16000,2
3,0.008171557448804379,16000,3
4,0.0019047876121476293,16000,4
5,0.000717894290573895,16000,5
6,0.00017400170327164233,16000,6
7,6.419039709726349e-05,16000,7
8,1.9896675439667888e-05,16000,8
9,7.78995490691159e-06,16000,9
10,7.6090095717518125e-06,16000,10
11,7.6090095717518125e-06,16000,11
0,0.24719524383544922,17000,0
1,0.07259124517440796,17000,1
2,0.0261994581669569,17000,2
3,0.011610734276473522,17000,3
4,0.0028807262424379587,17000,4
5,0.001108381780795753,17000,5
6,0.00037197841447778046,17000,6
7,0.00015827383322175592,17000,7
8,0.00023657527344767004,17000,8
9,5.720202898373827e-05,17000,9
10,2.2415117200580426e-05,17000,10
11,1.0968832611979451e-05,17000,11
0,0.25385698676109314,18000,0
1,0.07385465502738953,18000,1
2,0.025412190705537796,18000,2
3,0.0077285002917051315,18000,3
4,0.0018922764575108886,18000,4
5,0.0007087327539920807,18000,5
6,0.00017641416343394667,18000,6
7,6.638756894972175e-05,18000,7
8,2.0298355593695305e-05,18000,8
9,7.867517524573486e-06,18000,9
10,7.867517524573486e-06,18000,10
11,7.867517524573486e-06,18000,11
0,0.2559525966644287,19000,0
1,0.07755506783723831,19000,1
2,0.028044825419783592,19000,2
3,0.008422717452049255,19000,3
4,0.0021784040145576,19000,4
5,0.0008419851656071842,19000,5
6,0.0002528921468183398,19000,6
7,8.975216042017564e-05,19000,7
8,2.6188145056948997e-05,19000,8
9,9.895929906633683e-06,19000,9
10,3.3789908684411785e-06,19000,10
11,3.3789908684411785e-06,19000,11
0,0.25515517592430115,20000,0
1,0.07452110201120377,20000,1
2,0.025912772864103317,20000,2
3,0.008621526882052422,20000,3
4,0.0020231541711837053,20000,4
5,0.0007620241958647966,20000,5
6,0.00019265020091552287,20000,6
7,7.011571869952604e-05,20000,7
8,2.1711921363021247e-05,20000,8
9,2.1711921363021247e-05,20000,9
10,2.1711921363021247e-05,20000,10
11,2.1711921363021247e-05,20000,11
0,0.25221458077430725,21000,0
1,0.07542908191680908,21000,1
2,0.02520631067454815,21000,2
3,0.007386746816337109,21000,3
4,0.0019814488478004932,21000,4
5,0.0007105522090569139,21000,5
6,0.00019387193606235087,21000,6
7,7.193544297479093e-05,21000,7
8,2.266514638904482e-05,21000,8
9,2.266514638904482e-05,21000,9
10,2.266514638904482e-05,21000,10
11,2.266514638904482e-05,21000,11
0,0.2582758367061615,22000,0
1,0.07753215730190277,22000,1
2,0.026033049449324608,22000,2
3,0.007938127964735031,22000,3
4,0.0019321234431117773,22000,4
5,0.0007131966995075345,22000,5
6,0.00018229507259093225,22000,6
7,6.518702139146626e-05,22000,7
8,2.028642120421864e-05,22000,8
9,7.397164608846651e-06,22000,9
10,7.3283486017317045e-06,22000,10
11,7.3283486017317045e-06,22000,11
0,0.2529575228691101,23000,0
1,0.07830888777971268,23000,1
2,0.02609018050134182,23000,2
3,0.00789317674934864,23000,3
4,0.0019546346738934517,23000,4
5,0.0007134463521651924,23000,5
6,0.00018432768411003053,23000,6
7,6.574282451765612e-05,23000,7
8,2.0150522686890326e-05,23000,8
9,2.0150522686890326e-05,23000,9
10,2.0150522686890326e-05,23000,10
11,2.0150522686890326e-05,23000,11
0,0.24903368949890137,24000,0
1,0.07580702751874924,24000,1
2,0.024505842477083206,24000,2
3,0.007493758108466864,24000,3
4,0.0018423516303300858,24000,4
5,0.0006545927026309073,24000,5
6,0.0001771831011865288,24000,6
7,6.195362948346883e-05,24000,7
8,1.9637756849988364e-05,24000,8
9,1.9637756849988364e-05,24000,9
10,1.9637756849988364e-05,24000,10
11,1.9637756849988364e-05,24000,11
0,0.2562793493270874,25000,0
1,0.07886213064193726,25000,1
2,0.027448421344161034,25000,2
3,0.007931043393909931,25000,3
4,0.002141455188393593,25000,4
5,0.0008082984131760895,25000,5
6,0.00024058439885266125,25000,6
7,9.966292418539524e-05,25000,7
8,3.859195567201823e-05,25000,8
9,1.5414267181768082e-05,25000,9
10,5.590404725808185e-06,25000,10
11,2.1681619273294928e-06,25000,11
0,0.25941017270088196,26000,0
1,0.07851140201091766,26000,1
2,0.026027711108326912,26000,2
3,0.007997224107384682,26000,3
4,0.0019727491308003664,26000,4
5,0.0006993315764702857,26000,5
6,0.0001783664629328996,26000,6
7,6.50748988846317e-05,26000,7
8,1.910702485474758e-05,26000,8
9,1.910702485474758e-05,26000,9
10,1.910702485474758e-05,26000,10
11,1.910702485474758e-05,26000,11
0,0.25726017355918884,27000,0
1,0.08002116531133652,27000,1
2,0.025243937969207764,27000,2
3,0.007334977388381958,27000,3
4,0.00199652137234807,27000,4
5,0.0006968341185711324,27000,5
6,0.0001862245553638786,27000,6
7,6.564505747519433e-05,27000,7
8,2.177272835979238e-05,27000,8
9,7.959346476127394e-06,27000,9
10,7.959346476127394e-06,27000,10
11,7.959346476127394e-06,27000,11
0,0.25423017144203186,28000,0
1,0.07823289930820465,28000,1
2,0.025131288915872574,28000,2
3,0.007510825525969267,28000,3
4,0.001956075197085738,28000,4
5,0.0007117444183677435,28000,5
6,0.0001970918820006773,28000,6
7,7.014244329184294e-05,28000,7
8,2.279030013596639e-05,28000,8
9,8.208175131585449e-06,28000,9
10,8.208175131585449e-06,28000,10
11,8.208175131585449e-06,28000,11
0,0.25760361552238464,29000,0
1,0.07827460765838623,29000,1
2,0.025249389931559563,29000,2
3,0.007438254076987505,29000,3
4,0.0018483183812350035,29000,4
5,0.0006773531786166131,29000,5
6,0.00017239293083548546,29000,6
7,6.28564230282791e-05,29000,7
8,1.9289876945549622e-05,29000,8
9,1.9289876945549622e-05,29000,9
10,1.9289876945549622e-05,29000,10
11,1.9289876945549622e-05,29000,11
0,0.25599485635757446,30000,0
1,0.0795118436217308,30000,1
2,0.024311315268278122,30000,2
3,0.007021941244602203,30000,3
4,0.0017820904031395912,30000,4
5,0.000620170496404171,30000,5
6,0.0001562694669701159,30000,6
7,5.6384087656624615e-05,30000,7
8,1.7008789654937573e-05,30000,8
9,1.7008789654937573e-05,30000,9
10,1.7008789654937573e-05,30000,10
11,1.7008789654937573e-05,30000,11
0,0.2517392933368683,31000,0
1,0.08080093562602997,31000,1
2,0.02518245205283165,31000,2
3,0.007416698150336742,31000,3
4,0.0021160640753805637,31000,4
5,0.0007387411314994097,31000,5
6,0.00020371754362713546,31000,6
7,7.216527592390776e-05,31000,7
8,2.4889186533982866e-05,31000,8
9,9.082285941985901e-06,31000,9
10,9.082285941985901e-06,31000,10
11,9.082285941985901e-06,31000,11
0,0.25652778148651123,32000,0
1,0.07994730025529861,32000,1
2,0.025132087990641594,32000,2
3,0.007386786863207817,32000,3
4,0.0019036117009818554,32000,4
5,0.0006679571815766394,32000,5
6,0.00017708184896036983,32000,6
7,6.09626185905654e-05,32000,7
8,1.9668474124046043e-05,32000,8
9,7.429629931721138e-06,32000,9
10,7.429629931721138e-06,32000,10
11,7.429629931721138e-06,32000,11
0,0.25694048404693604,33000,0
1,0.07880695909261703,33000,1
2,0.024686729535460472,33000,2
3,0.007752916309982538,33000,3
4,0.001973393140360713,33000,4
5,0.0006971244583837688,33000,5
6,0.00018331715546082705,33000,6
7,6.764443241991103e-05,33000,7
8,2.233734448964242e-05,33000,8
9,2.233734448964242e-05,33000,9
10,2.233734448964242e-05,33000,10
11,2.233734448964242e-05,33000,11
0,0.25732436776161194,34000,0
1,0.08209742605686188,34000,1
2,0.02550077997148037,34000,2
3,0.007350348401814699,34000,3
4,0.0020855197217315435,34000,4
5,0.0007557172211818397,34000,5
6,0.00021425994054879993,34000,6
7,8.240532770287246e-05,34000,7
8,2.949756890302524e-05,34000,8
9,1.0655016922100913e-05,34000,9
10,1.0655016922100913e-05,34000,10
11,1.0655016922100913e-05,34000,11
0,0.25408628582954407,35000,0
1,0.0796864703297615,35000,1
2,0.024084346368908882,35000,2
3,0.007080601993948221,35000,3
4,0.0019277840619906783,35000,4
5,0.000657289638184011,35000,5
6,0.00017828514683060348,35000,6
7,6.44815299892798e-05,35000,7
8,2.1017367544118315e-05,35000,8
9,7.615907634317409e-06,35000,9
10,7.615907634317409e-06,35000,10
11,7.615907634317409e-06,35000,11
0,0.25926318764686584,36000,0
1,0.08449368178844452,36000,1
2,0.025494210422039032,36000,2
3,0.006934276781976223,36000,3
4,0.0019351068185642362,36000,4
5,0.0006786828162148595,36000,5
6,0.00018948028446175158,36000,6
7,6.850982026662678e-05,36000,7
8,2.325553032278549e-05,36000,8
9,1.010136566037545e-05,36000,9
10,3.444040885369759e-06,36000,10
11,3.4431814128765836e-06,36000,11
0,0.2558661997318268,37000,0
1,0.08540990948677063,37000,1
2,0.025790581479668617,37000,2
3,0.006703508086502552,37000,3
4,0.00201885006390512,37000,4
5,0.0006878574495203793,37000,5
6,0.0002149427164113149,37000,6
7,7.61260962462984e-05,37000,7
8,2.718217729125172e-05,37000,8
9,1.0419596037536394e-05,37000,9
10,3.5558325635065557e-06,37000,10
11,3.5558325635065557e-06,37000,11
0,0.25618109107017517,38000,0
1,0.08145064860582352,38000,1
2,0.024586020037531853,38000,2
3,0.007591683883219957,38000,3
4,0.0020354834850877523,38000,4
5,0.0007376510184258223,38000,5
6,0.00020742250490002334,38000,6
7,7.990137237356976e-05,38000,7
8,2.8321148420218378e-05,38000,8
9,1.0539875802351162e-05,38000,9
10,1.0539875802351162e-05,38000,10
11,1.0539875802351162e-05,38000,11
0,0.2578774094581604,39000,0
1,0.08565094321966171,39000,1
2,0.026229847222566605,39000,2
3,0.008012727834284306,39000,3
4,0.0022597394417971373,39000,4
5,0.0007927098777145147,39000,5
6,0.0002265834918944165,39000,6
7,8.351892756763846e-05,39000,7
8,2.792685518215876e-05,39000,8
9,9.237197446054779e-06,39000,9
10,9.237197446054779e-06,39000,10
11,9.237197446054779e-06,39000,11
0,0.26693910360336304,40000,0
1,0.08547022938728333,40000,1
2,0.025962572544813156,40000,2
3,0.007733335252851248,40000,3
4,0.002058416372165084,40000,4
5,0.0007214669021777809,40000,5
6,0.0001874681474873796,40000,6
7,6.475481495726854e-05,40000,7
8,2.031346593867056e-05,40000,8
9,2.031346593867056e-05,40000,9
10,2.031346593867056e-05,40000,10
11,2.031346593867056e-05,40000,11
0,0.26698946952819824,41000,0
1,0.08769652992486954,41000,1
2,0.02624262310564518,41000,2
3,0.007109297905117273,41000,3
4,0.001972873229533434,41000,4
5,0.0006904305191710591,41000,5
6,0.00019650254398584366,41000,6
7,6.934916018508375e-05,41000,7
8,2.3818774934625253e-05,41000,8
9,9.244799002772197e-06,41000,9
10,3.216944833184243e-06,41000,10
11,3.215063088646275e-06,41000,11
0,0.2546465992927551,42000,0
1,0.08171851933002472,42000,1
2,0.024045430123806,42000,2
3,0.006506560370326042,42000,3
4,0.001866515725851059,42000,4
5,0.0006410435307770967,42000,5
6,0.00017664417100604624,42000,6
7,6.71666202833876e-05,42000,7
8,2.2843694750918075e-05,42000,8
9,7.763949724903796e-06,42000,9
10,7.763949724903796e-06,42000,10
11,7.763949724903796e-06,42000,11
0,0.2589645981788635,43000,0
1,0.08768636733293533,43000,1
2,0.025552760809659958,43000,2
3,0.00672408752143383,43000,3
4,0.002029954455792904,43000,4
5,0.0006703934050165117,43000,5
6,0.0001989403972402215,43000,6
7,7.05178317730315e-05,43000,7
8,2.3932369003887288e-05,43000,8
9,8.765578058955725e-06,43000,9
10,8.765578058955725e-06,43000,10
11,8.765578058955725e-06,43000,11
0,0.2612288296222687,44000,0
1,0.08336853235960007,44000,1
2,0.025027068331837654,44000,2
3,0.007725807838141918,44000,3
4,0.0021489274222403765,44000,4
5,0.0007601363467983902,44000,5
6,0.0002180621086154133,44000,6
7,7.679719419684261e-05,44000,7
8,2.667602529982105e-05,44000,8
9,8.966274435806554e-06,44000,9
10,8.949603397923056e-06,44000,10
11,8.949603397923056e-06,44000,11
0,0.257211834192276,45000,0
1,0.08561733365058899,45000,1
2,0.024811245501041412,45000,2
3,0.006621191278100014,45000,3
4,0.0020399645436555147,45000,4
5,0.0007259734557010233,45000,5
6,0.00022485449153464288,45000,6
7,7.653196371393278e-05,45000,7
8,2.729588231886737e-05,45000,8
9,9.751852303452324e-06,45000,9
10,9.751852303452324e-06,45000,10
11,9.751852303452324e-06,45000,11
0,0.26960375905036926,46000,0
1,0.08783797174692154,46000,1
2,0.025485854595899582,46000,2
3,0.0070856548845767975,46000,3
4,0.0019199512898921967,46000,4
5,0.0006488134386017919,46000,5
6,0.0001765511988196522,46000,6
7,6.310817843768746e-05,46000,7
8,2.0084828065591864e-05,46000,8
9,2.0084828065591864e-05,46000,9
10,2.0084828065591864e-05,46000,10
11,2.0084828065591864e-05,46000,11
0,0.25945091247558594,47000,0
1,0.08745808899402618,47000,1
2,0.025766810402274132,47000,2
3,0.008913393132388592,47000,3
4,0.00216872151941061,47000,4
5,0.0007344810874201357,47000,5
6,0.00023575422528665513,47000,6
7,8.477651135763153e-05,47000,7
8,3.116402876912616e-05,47000,8
9,1.0701045539462939e-05,47000,9
10,1.0701045539462939e-05,47000,10
11,1.0701045539462939e-05,47000,11
0,0.2567134201526642,48000,0
1,0.08499779552221298,48000,1
2,0.02545997127890587,48000,2
3,0.00726477662101388,48000,3
4,0.002236726926639676,48000,4
5,0.0007944561075419188,48000,5
6,0.0002519878325983882,48000,6
7,8.921469270717353e-05,48000,7
8,3.121784175164066e-05,48000,8
9,1.1797380466305185e-05,48000,9
10,4.50485367764486e-06,48000,10
11,4.50485367764486e-06,48000,11
0,0.2623676657676697,49000,0
1,0.08787791430950165,49000,1
2,0.026694519445300102,49000,2
3,0.007420769892632961,49000,3
4,0.002275227103382349,49000,4
5,0.0008163729216903448,49000,5
6,0.00025043744244612753,49000,6
7,9.164441144093871e-05,49000,7
8,3.255108094890602e-05,49000,8
9,1.2482034435379319e-05,49000,9
10,1.2390009032969829e-05,49000,10
11,1.2390009032969829e-05,49000,11
0,0.2627764642238617,50000,0
1,0.08578291535377502,50000,1
2,0.02498743124306202,50000,2
3,0.006596453487873077,50000,3
4,0.0021140058524906635,50000,4
5,0.0007373189437203109,50000,5
6,0.0002340879727853462,50000,6
7,8.548110054107383e-05,50000,7
8,3.230546280974522e-05,50000,8
9,1.1653449291770812e-05,50000,9
10,1.1653449291770812e-05,50000,10
11,1.1653449291770812e-05,50000,11
0,0.25766584277153015,51000,0
1,0.0848795548081398,51000,1
2,0.02442360483109951,51000,2
3,0.00614879559725523,51000,3
4,0.0018925818149000406,51000,4
5,0.0006452581728808582,51000,5
6,0.00019818216969724745,51000,6
7,7.003227074164897e-05,51000,7
8,2.433274858049117e-05,51000,8
9,8.307463758683298e-06,51000,9
10,8.307463758683298e-06,51000,10
11,8.307463758683298e-06,51000,11
0,0.25933510065078735,52000,0
1,0.0852000042796135,52000,1
2,0.025131015107035637,52000,2
3,0.007984950207173824,52000,3
4,0.0019865345675498247,52000,4
5,0.0006618092302232981,52000,5
6,0.00019894314755219966,52000,6
7,7.091030420269817e-05,52000,7
8,2.3031403543427587e-05,52000,8
9,8.12660528026754e-06,52000,9
10,8.12660528026754e-06,52000,10
11,8.12660528026754e-06,52000,11
0,0.26601484417915344,53000,0
1,0.0858355164527893,53000,1
2,0.0254015251994133,53000,2
3,0.007281124591827393,53000,3
4,0.0019042236963286996,53000,4
5,0.0006638040067628026,53000,5
6,0.00018631707644090056,53000,6
7,6.701214442728087e-05,53000,7
8,2.2656669898424298e-05,53000,8
9,8.131716640491504e-06,53000,9
10,8.131716640491504e-06,53000,10
11,8.131716640491504e-06,53000,11
0,0.26001447439193726,54000,0
1,0.08523766696453094,54000,1
2,0.02594524435698986,54000,2
3,0.007957580499351025,54000,3
4,0.0021537092979997396,54000,4
5,0.0007304070750251412,54000,5
6,0.00019980296201538295,54000,6
7,7.33652341295965e-05,54000,7
8,2.478416354279034e-05,54000,8
9,9.140572728938423e-06,54000,9
10,9.140572728938423e-06,54000,10
11,9.140572728938423e-06,54000,11
0,0.2587330639362335,55000,0
1,0.08630654960870743,55000,1
2,0.02468961849808693,55000,2
3,0.006646146532148123,55000,3
4,0.0019322964362800121,55000,4
5,0.0006565027870237827,55000,5
6,0.00019384162442293018,55000,6
7,6.42435988993384e-05,55000,7
8,2.122900878021028e-05,55000,8
9,2.122900878021028e-05,55000,9
10,2.122900878021028e-05,55000,10
11,2.122900878021028e-05,55000,11
0,0.26289546489715576,56000,0
1,0.08555062115192413,56000,1
2,0.026019034907221794,56000,2
3,0.007478365208953619,56000,3
4,0.0021571496035903692,56000,4
5,0.0009692380554042757,56000,5
6,0.0003256482887081802,56000,6
7,0.00010034861043095589,56000,7
8,3.484816988930106e-05,56000,8
9,1.2737926226691343e-05,56000,9
10,4.6790792112005875e-06,56000,10
11,4.636272024072241e-06,56000,11
0,0.2543008029460907,57000,0
1,0.08313030749559402,57000,1
2,0.023851733654737473,57000,2
3,0.005875943228602409,57000,3
4,0.001891658059321344,57000,4
5,0.0006227955454960465,57000,5
6,0.00019479241746012121,57000,6
7,7.079928036546335e-05,57000,7
8,2.6722827897174284e-05,57000,8
9,9.570543625159189e-06,57000,9
10,9.570543625159189e-06,57000,10
11,9.570543625159189e-06,57000,11
0,0.2597932517528534,58000,0
1,0.08570130169391632,58000,1
2,0.025454813614487648,58000,2
3,0.006912502460181713,58000,3
4,0.0020365340169519186,58000,4
5,0.0006854823441244662,58000,5
6,0.00020456657512113452,58000,6
7,7.553493196610361e-05,58000,7
8,2.7637130187940784e-05,58000,8
9,9.88222654996207e-06,58000,9
10,9.88222654996207e-06,58000,10
11,9.88222654996207e-06,58000,11
0,0.2562323808670044,59000,0
1,0.08620864897966385,59000,1
2,0.02589084766805172,59000,2
3,0.0062475441955029964,59000,3
4,0.0020473019685596228,59000,4
5,0.0006434598471969366,59000,5
6,0.00022129810531623662,59000,6
7,7.92659557191655e-05,59000,7
8,2.8456226573325694e-05,59000,8
9,9.996511835197452e-06,59000,9
10,9.996511835197452e-06,59000,10
11,9.996511835197452e-06,59000,11
0,0.26819971203804016,60000,0
1,0.0892820656299591,60000,1
2,0.02586873434484005,60000,2
3,0.006979724392294884,60000,3
4,0.002111058449372649,60000,4
5,0.0007255199016071856,60000,5
6,0.00022380793234333396,60000,6
7,7.833998824935406e-05,60000,7
8,3.0100080039119348e-05,60000,8
9,1.2008224985038396e-05,60000,9
10,3.960093636123929e-06,60000,10
11,3.960093636123929e-06,60000,11
0,0.2627362310886383,61000,0
1,0.08921219408512115,61000,1
2,0.0266779325902462,61000,2
3,0.006668343674391508,61000,3
4,0.002052535302937031,61000,4
5,0.0006562965572811663,61000,5
6,0.00020237884018570185,61000,6
7,6.81761302985251e-05,61000,7
8,2.3886141207185574e-05,61000,8
9,8.352877557626925e-06,61000,9
10,3.010065483977087e-06,61000,10
11,3.010065483977087e-06,61000,11
0,0.2681383490562439,62000,0
1,0.09252969175577164,62000,1
2,0.028365902602672577,62000,2
3,0.008000812493264675,62000,3
4,0.002476620953530073,62000,4
5,0.0008345808018930256,62000,5
6,0.00024045880127232522,62000,6
7,8.540099952369928e-05,62000,7
8,3.01397612929577e-05,62000,8
9,1.1541554158611689e-05,62000,9
10,1.1541554158611689e-05,62000,10
11,1.1541554158611689e-05,62000,11
0,0.26753556728363037,63000,0
1,0.08742494881153107,63000,1
2,0.025431258603930473,63000,2
3,0.006949368864297867,63000,3
4,0.002121771452948451,63000,4
5,0.0006946205394342542,63000,5
6,0.00020726378716062754,63000,6
7,7.269190246006474e-05,63000,7
8,2.5292118152719922e-05,63000,8
9,9.992834748118185e-06,63000,9
10,3.1587389912601793e-06,63000,10
11,3.1587389912601793e-06,63000,11
0,0.2595037817955017,64000,0
1,0.08621000498533249,64000,1
2,0.025659028440713882,64000,2
3,0.006771802436560392,64000,3
4,0.0020833213347941637,64000,4
5,0.0006824085139669478,64000,5
6,0.00020804230007342994,64000,6
7,7.617348455823958e-05,64000,7
8,2.656778451637365e-05,64000,8
9,9.526162102702074e-06,64000,9
10,9.526162102702074e-06,64000,10
11,9.526162102702074e-06,64000,11
0,0.261743426322937,65000,0
1,0.09084713459014893,65000,1
2,0.0370350256562233,65000,2
3,0.009701710194349289,65000,3
4,0.0032292644027620554,65000,4
5,0.0012360713444650173,65000,5
6,0.0005747739342041314,65000,6
7,0.0002090112684527412,65000,7
8,9.21997198020108e-05,65000,8
9,3.754385397769511e-05,65000,9
10,3.20572144119069e-05,65000,10
11,2.5044289941433817e-05,65000,11
0,0.26994892954826355,66000,0
1,0.09119579195976257,66000,1
2,0.026487279683351517,66000,2
3,0.006391061469912529,66000,3
4,0.0020333807915449142,66000,4
5,0.0007078415947034955,66000,5
6,0.00023655722907278687,66000,6
7,8.102112769847736e-05,66000,7
8,2.7961668820353225e-05,66000,8
9,1.0398523954791017e-05,66000,9
10,3.7774693737446796e-06,66000,10
11,3.7774693737446796e-06,66000,11
0,0.26769956946372986,67000,0
1,0.09217670559883118,67000,1
2,0.027501821517944336,67000,2
3,0.007840641774237156,67000,3
4,0.0024373014457523823,67000,4
5,0.0008109790505841374,67000,5
6,0.00025302922585979104,67000,6
7,9.261608647648245e-05,67000,7
8,3.528126762830652e-05,67000,8
9,1.1912469744856935e-05,67000,9
10,1.1912469744856935e-05,67000,10
11,1.1912469744856935e-05,67000,11
0,0.26784548163414,68000,0
1,0.09182851016521454,68000,1
2,0.027702368795871735,68000,2
3,0.008016888983547688,68000,3
4,0.0027085766196250916,68000,4
5,0.0009771488839760423,68000,5
6,0.0003368500038050115,68000,6
7,0.00011999523849226534,68000,7
8,4.075199831277132e-05,68000,8
9,1.4009593542141374e-05,68000,9
10,4.945909950038185e-06,68000,10
11,4.945909950038185e-06,68000,11
0,0.263529509305954,69000,0
1,0.09146234393119812,69000,1
2,0.026725953444838524,69000,2
3,0.006249556317925453,69000,3
4,0.0021633042488247156,69000,4
5,0.0006789634353481233,69000,5
6,0.000216657790588215,69000,6
7,7.714356615906581e-05,69000,7
8,2.7678288461174816e-05,69000,8
9,1.0136641321878415e-05,69000,9
10,1.0136641321878415e-05,69000,10
11,1.0136641321878415e-05,69000,11
0,0.2660852372646332,70000,0
1,0.08767331391572952,70000,1
2,0.025015978142619133,70000,2
3,0.006578804459422827,70000,3
4,0.0020766940433532,70000,4
5,0.0006956533179618418,70000,5
6,0.00022463835193775594,70000,6
7,7.486972026526928e-05,70000,7
8,2.5326799004687928e-05,70000,8
9,9.115819921134971e-06,70000,9
10,9.115819921134971e-06,70000,10
11,9.115819921134971e-06,70000,11
0,0.25928303599357605,71000,0
1,0.0882788598537445,71000,1
2,0.026599299162626266,71000,2
3,0.0062555489130318165,71000,3
4,0.0020995461381971836,71000,4
5,0.0006793189677409828,71000,5
6,0.00023385454551316798,71000,6
7,8.565033203922212e-05,71000,7
8,3.0204415452317335e-05,71000,8
9,1.0800534255395178e-05,71000,9
10,1.0800534255395178e-05,71000,10
11,1.0800534255395178e-05,71000,11
0,0.2594541013240814,72000,0
1,0.08704613149166107,72000,1
2,0.02591768652200699,72000,2
3,0.006825102958828211,72000,3
4,0.00241757370531559,72000,4
5,0.0007886359817348421,72000,5
6,0.00023871689336374402,72000,6
7,8.487323793815449e-05,72000,7
8,2.8928217943757772e-05,72000,8
9,1.054223503160756e-05,72000,9
10,3.7427300867420854e-06,72000,10
11,3.7427300867420854e-06,72000,11
0,0.26728811860084534,73000,0
1,0.09053933620452881,73000,1
2,0.026153622195124626,73000,2
3,0.006574809551239014,73000,3
4,0.0020305393263697624,73000,4
5,0.0006926474743522704,73000,5
6,0.00020747007511090487,73000,6
7,7.456021558027714e-05,73000,7
8,2.6725656425696798e-05,73000,8
9,9.620594937587157e-06,73000,9
10,9.620594937587157e-06,73000,10
11,9.620594937587157e-06,73000,11
0,0.2555362582206726,74000,0
1,0.0891919881105423,74000,1
2,0.026317400857806206,74000,2
3,0.00549191003665328,74000,3
4,0.0018972549587488174,74000,4
5,0.0005953702493570745,74000,5
6,0.0001977286592591554,74000,6
7,6.979351746849716e-05,74000,7
8,2.554237835283857e-05,74000,8
9,8.769215128268115e-06,74000,9
10,8.769215128268115e-06,74000,10
11,8.769215128268115e-06,74000,11
0,0.26276853680610657,75000,0
1,0.08650819957256317,75000,1
2,0.025113027542829514,75000,2
3,0.0064834607765078545,75000,3
4,0.001934751751832664,75000,4
5,0.0006315265782177448,75000,5
6,0.00018827668100129813,75000,6
7,6.931273674126714e-05,75000,7
8,2.447421502438374e-05,75000,8
9,9.26773645915091e-06,75000,9
10,9.26773645915091e-06,75000,10
11,9.26773645915091e-06,75000,11
0,0.2659918963909149,76000,0
1,0.09468358755111694,76000,1
2,0.030774418264627457,76000,2
3,0.008162720128893852,76000,3
4,0.0029758568853139877,76000,4
5,0.0010338021675124764,76000,5
6,0.00033174065174534917,76000,6
7,0.00012481538578867912,76000,7
8,4.96076863782946e-05,76000,8
9,1.7238511645700783e-05,76000,9
10,6.067050435376586e-06,76000,10
11,2.3412626433128025e-06,76000,11
0,0.2618165612220764,77000,0
1,0.08952252566814423,77000,1
2,0.02614753693342209,77000,2
3,0.006936159450560808,77000,3
4,0.0022564001847058535,77000,4
5,0.0007468893309123814,77000,5
6,0.00023701705504208803,77000,6
7,8.06260432000272e-05,77000,7
8,2.95898353215307e-05,77000,8
9,1.1996630746580195e-05,77000,9
10,1.1978522707067896e-05,77000,10
11,1.1978522707067896e-05,77000,11
0,0.2596915066242218,78000,0
1,0.08835488557815552,78000,1
2,0.025822557508945465,78000,2
3,0.005896859802305698,78000,3
4,0.002013750374317169,78000,4
5,0.0006738942465744913,78000,5
6,0.0002222669281763956,78000,6
7,7.78635439928621e-05,78000,7
8,2.735421367106028e-05,78000,8
9,9.536542165733408e-06,78000,9
10,9.536542165733408e-06,78000,10
11,9.536542165733408e-06,78000,11
0,0.27048900723457336,79000,0
1,0.09295716881752014,79000,1
2,0.026726964861154556,79000,2
3,0.006128742825239897,79000,3
4,0.002021599793806672,79000,4
5,0.0006861922447569668,79000,5
6,0.00022819751757197082,79000,6
7,8.2557657151483e-05,79000,7
8,2.9816106689395383e-05,79000,8
9,9.985130418499466e-06,79000,9
10,9.985130418499466e-06,79000,10
11,9.985130418499466e-06,79000,11
0,0.2661345303058624,80000,0
1,0.09263434261083603,80000,1
2,0.02815321646630764,80000,2
3,0.007918828167021275,80000,3
4,0.0024457229301333427,80000,4
5,0.0007956476765684783,80000,5
6,0.00024629366816952825,80000,6
7,8.55416219565086e-05,80000,7
8,3.1014973501442e-05,80000,8
9,1.2377247912809253e-05,80000,9
10,5.007609161111759e-06,80000,10
11,1.5449671764145023e-06,80000,11
0,0.27516111731529236,81000,0
1,0.09057076275348663,81000,1
2,0.027367325499653816,81000,2
3,0.00747426925227046,81000,3
4,0.002677129814401269,81000,4
5,0.001100792782381177,81000,5
6,0.0002958031836897135,81000,6
7,0.00011233572877245024,81000,7
8,3.983770511695184e-05,81000,8
9,1.4304455362434965e-05,81000,9
10,5.1718975555559155e-06,81000,10
11,5.1718975555559155e-06,81000,11
0,0.26416918635368347,82000,0
1,0.08627968281507492,82000,1
2,0.025486748665571213,82000,2
3,0.006218545604497194,82000,3
4,0.002067766385152936,82000,4
5,0.0006962202023714781,82000,5
6,0.00021623887005262077,82000,6
7,8.053345663938671e-05,82000,7
8,2.9665801775990985e-05,82000,8
9,1.1313584764138795e-05,82000,9
10,3.738689656529459e-06,82000,10
11,3.738689656529459e-06,82000,11
0,0.26728227734565735,83000,0
1,0.09353143721818924,83000,1
2,0.028409849852323532,83000,2
3,0.006605173461139202,83000,3
4,0.002241645473986864,83000,4
5,0.000735592795535922,83000,5
6,0.00023822196817491204,83000,6
7,8.074387005763128e-05,83000,7
8,2.9173001166782342e-05,83000,8
9,1.0730769645306282e-05,83000,9
10,1.065427659341367e-05,83000,10
11,1.065427659341367e-05,83000,11
0,0.2729994058609009,84000,0
1,0.08974885940551758,84000,1
2,0.027706360444426537,84000,2
3,0.008513658307492733,84000,3
4,0.0023845238611102104,84000,4
5,0.0007849904359318316,84000,5
6,0.00023668096400797367,84000,6
7,8.343960507772863e-05,84000,7
8,2.8147740522399545e-05,84000,8
9,9.940328709490132e-06,84000,9
10,3.747967411982245e-06,84000,10
11,3.747967411982245e-06,84000,11
0,0.27154824137687683,85000,0
1,0.09153517335653305,85000,1
2,0.027196748182177544,85000,2
3,0.007441868539899588,85000,3
4,0.002182700904086232,85000,4
5,0.0007325932383537292,85000,5
6,0.0002129833010258153,85000,6
7,8.21138164610602e-05,85000,7
8,3.1018007575767115e-05,85000,8
9,1.2352477824606467e-05,85000,9
10,3.815421678154962e-06,85000,10
11,3.815421678154962e-06,85000,11
0,0.2743786871433258,86000,0
1,0.09354409575462341,86000,1
2,0.028186028823256493,86000,2
3,0.007502614054828882,86000,3
4,0.0023740041069686413,86000,4
5,0.0007934951572678983,86000,5
6,0.00024232931900769472,86000,6
7,8.466017607133836e-05,86000,7
8,2.9857614208594896e-05,86000,8
9,1.0332135389035102e-05,86000,9
10,1.0332135389035102e-05,86000,10
11,1.0332135389035102e-05,86000,11
0,0.25797513127326965,87000,0
1,0.0877644270658493,87000,1
2,0.02622830867767334,87000,2
3,0.006008593365550041,87000,3
4,0.0020974683575332165,87000,4
5,0.0006923282635398209,87000,5
6,0.00021789268066640943,87000,6
7,7.470179843949154e-05,87000,7
8,2.7630996555672027e-05,87000,8
9,1.1027574146282859e-05,87000,9
10,4.394888037495548e-06,87000,10
11,1.4117102864474873e-06,87000,11
0,0.25929930806159973,88000,0
1,0.08602596074342728,88000,1
2,0.025898292660713196,88000,2
3,0.006337505765259266,88000,3
4,0.0021127513609826565,88000,4
5,0.0006913229590281844,88000,5
6,0.00020972896891180426,88000,6
7,6.97407522238791e-05,88000,7
8,2.3153694201027974e-05,88000,8
9,8.405400876654312e-06,88000,9
10,8.357258593605366e-06,88000,10
11,8.357258593605366e-06,88000,11
0,0.25726625323295593,89000,0
1,0.08844999969005585,89000,1
2,0.02713906019926071,89000,2
3,0.006109781097620726,89000,3
4,0.002125887665897608,89000,4
5,0.0006942275795154274,89000,5
6,0.00023998628603294492,89000,6
7,8.186801278498024e-05,89000,7
8,2.9575090593425557e-05,89000,8
9,9.998012501455378e-06,89000,9
10,9.998012501455378e-06,89000,10
11,9.998012501455378e-06,89000,11
0,0.2661744952201843,90000,0
1,0.09078006446361542,90000,1
2,0.025575684383511543,90000,2
3,0.005447260569781065,90000,3
4,0.0017686394276097417,90000,4
5,0.0005350642022676766,90000,5
6,0.00017190666403621435,90000,6
7,5.872215115232393e-05,90000,7
8,2.045284418272786e-05,90000,8
9,7.570379693788709e-06,90000,9
10,7.570379693788709e-06,90000,10
11,7.570379693788709e-06,90000,11
0,0.2565963864326477,91000,0
1,0.0884665697813034,91000,1
2,0.026152556762099266,91000,2
3,0.00573032395914197,91000,3
4,0.0019392295507714152,91000,4
5,0.0005706963711418211,91000,5
6,0.00020636159752029926,91000,6
7,7.183202251326293e-05,91000,7
8,2.618318649183493e-05,91000,8
9,9.303834303864278e-06,91000,9
10,9.303834303864278e-06,91000,10
11,9.303834303864278e-06,91000,11
0,0.25748276710510254,92000,0
1,0.08816590160131454,92000,1
2,0.02544664591550827,92000,2
3,0.005576191004365683,92000,3
4,0.0018627493409439921,92000,4
5,0.0005717466119676828,92000,5
6,0.00019382887694519013,92000,6
7,6.904160545673221e-05,92000,7
8,2.5376653866260312e-05,92000,8
9,9.28366989683127e-06,92000,9
10,9.28366989683127e-06,92000,10
11,9.28366989683127e-06,92000,11
0,0.2656138241291046,93000,0
1,0.09483619034290314,93000,1
2,0.029932362958788872,93000,2
3,0.007336705923080444,93000,3
4,0.0025206771679222584,93000,4
5,0.0008692825213074684,93000,5
6,0.0002834243350662291,93000,6
7,0.000106832456367556,93000,7
8,3.5456228943075985e-05,93000,8
9,1.264808997802902e-05,93000,9
10,4.511443876253907e-06,93000,10
11,4.511443876253907e-06,93000,11
0,0.2675086259841919,94000,0
1,0.09418326616287231,94000,1
2,0.027811624109745026,94000,2
3,0.006100338418036699,94000,3
4,0.002063304651528597,94000,4
5,0.0006674034520983696,94000,5
6,0.00022038108727429062,94000,6
7,7.8214579843916e-05,94000,7
8,2.6547739253146574e-05,94000,8
9,9.6562698672642e-06,94000,9
10,4.029085630463669e-06,94000,10
11,3.817727701971307e-06,94000,11
0,0.2661014199256897,95000,0
1,0.08866453170776367,95000,1
2,0.02558596059679985,95000,2
3,0.0069748833775520325,95000,3
4,0.002048037014901638,95000,4
5,0.0006752194603905082,95000,5
6,0.00019754032837226987,95000,6
7,6.973856943659484e-05,95000,7
8,2.3922968466649763e-05,95000,8
9,8.421180609730072e-06,95000,9
10,8.421180609730072e-06,95000,10
11,8.421180609730072e-06,95000,11
0,0.26265567541122437,96000,0
1,0.09101929515600204,96000,1
2,0.027317427098751068,96000,2
3,0.007017410360276699,96000,3
4,0.00230426131747663,96000,4
5,0.0008263664203695953,96000,5
6,0.0002621744351927191,96000,6
7,8.847107528708875e-05,96000,7
8,2.950099042209331e-05,96000,8
9,1.0652811397449113e-05,96000,9
10,1.0638087587722111e-05,96000,10
11,1.0638087587722111e-05,96000,11
0,0.2700693607330322,97000,0
1,0.09423541277647018,97000,1
2,0.028420062735676765,97000,2
3,0.006911555305123329,97000,3
4,0.002367597073316574,97000,4
5,0.0008442760445177555,97000,5
6,0.0002700405311770737,97000,6
7,0.0001059480564435944,97000,7
8,4.170329702901654e-05,97000,8
9,1.37825572892325e-05,97000,9
10,1.37825572892325e-05,97000,10
11,1.37825572892325e-05,97000,11
0,0.26886558532714844,98000,0
1,0.09137443453073502,98000,1
2,0.027888406068086624,98000,2
3,0.007118994370102882,98000,3
4,0.0021560615859925747,98000,4
5,0.0007219318649731576,98000,5
6,0.000211926584597677,98000,6
7,7.265521708177403e-05,98000,7
8,2.5764911697478965e-05,98000,8
9,9.022416634252295e-06,98000,9
10,9.022416634252295e-06,98000,10
11,9.022416634252295e-06,98000,11
0,0.2673724889755249,99000,0
1,0.0937570333480835,99000,1
2,0.027975471690297127,99000,2
3,0.007207225076854229,99000,3
4,0.0023622100707143545,99000,4
5,0.0008314264705404639,99000,5
6,0.0002734753943514079,99000,6
7,9.915437112795189e-05,99000,7
8,3.5091841709800065e-05,99000,8
9,1.1976302630500868e-05,99000,9
10,4.4076268750359304e-06,99000,10
11,4.4076268750359304e-06,99000,11
0,0.26756951212882996,100000,0
1,0.08783645927906036,100000,1
2,0.026463236659765244,100000,2
3,0.007083230186253786,100000,3
4,0.002046677516773343,100000,4
5,0.0006791478954255581,100000,5
6,0.00019579472427722067,100000,6
7,6.87251376803033e-05,100000,7
8,2.2696091036777943e-05,100000,8
9,8.285413969133515e-06,100000,9
10,8.285413969133515e-06,100000,10
11,8.285413969133515e-06,100000,11
0,0.2655556797981262,101000,0
1,0.09017349779605865,101000,1
2,0.02628832496702671,101000,2
3,0.0061296140775084496,101000,3
4,0.002045415109023452,101000,4
5,0.0006777991657145321,101000,5
6,0.0002088372566504404,101000,6
7,7.484247907996178e-05,101000,7
8,2.5327566618216224e-05,101000,8
9,9.42254609981319e-06,101000,9
10,9.42254609981319e-06,101000,10
11,9.42254609981319e-06,101000,11
0,0.2707066833972931,102000,0
1,0.09199349582195282,102000,1
2,0.03010489232838154,102000,2
3,0.012884923256933689,102000,3
4,0.005484092049300671,102000,4
5,0.0015986434882506728,102000,5
6,0.0005332399741746485,102000,6
7,0.00018129541422240436,102000,7
8,6.246285192901269e-05,102000,8
9,2.3880575099610724e-05,102000,9
10,8.977453035186045e-06,102000,10
11,8.977453035186045e-06,102000,11
0,0.278735488653183,103000,0
1,0.09474390000104904,103000,1
2,0.02940843254327774,103000,2
3,0.009331180714070797,103000,3
4,0.002605161862447858,103000,4
5,0.0009500968735665083,103000,5
6,0.00029743422055616975,103000,6
7,0.0001163715060101822,103000,7
8,4.83082803839352e-05,103000,8
9,1.8202827050117776e-05,103000,9
10,6.235576165636303e-06,103000,10
11,6.235576165636303e-06,103000,11
0,0.27033618092536926,104000,0
1,0.09085618704557419,104000,1
2,0.027299461886286736,104000,2
3,0.007633534260094166,104000,3
4,0.002175695728510618,104000,4
5,0.0007081888616085052,104000,5
6,0.0002173369430238381,104000,6
7,7.654351065866649e-05,104000,7
8,2.6144709408981726e-05,104000,8
9,8.974743650469463e-06,104000,9
10,8.974743650469463e-06,104000,10
11,8.974743650469463e-06,104000,11
0,0.27441900968551636,105000,0
1,0.09020263701677322,105000,1
2,0.026636669412255287,105000,2
3,0.006957454606890678,105000,3
4,0.0019805131014436483,105000,4
5,0.0006694466574117541,105000,5
6,0.00020121451234444976,105000,6
7,7.166514842538163e-05,105000,7
8,2.537539512559306e-05,105000,8
9,9.036250048666261e-06,105000,9
10,9.036250048666261e-06,105000,10
11,9.036250048666261e-06,105000,11
0,0.2667612135410309,106000,0
1,0.08972703665494919,106000,1
2,0.027958262711763382,106000,2
3,0.010497715324163437,106000,3
4,0.003480088198557496,106000,4
5,0.0010076911421492696,106000,5
6,0.0003492827236186713,106000,6
7,0.00011918699601665139,106000,7
8,4.114404509891756e-05,106000,8
9,1.5939445802359842e-05,106000,9
10,5.745059297623811e-06,106000,10
11,5.745059297623811e-06,106000,11
0,0.26543352007865906,107000,0
1,0.08819732069969177,107000,1
2,0.026753412559628487,107000,2
3,0.009987781755626202,107000,3
4,0.0033845582511276007,107000,4
5,0.0009897291893139482,107000,5
6,0.00036416956572793424,107000,6
7,0.0001255067763850093,107000,7
8,4.219530092086643e-05,107000,8
9,1.5820911357877776e-05,107000,9
10,5.948992111370899e-06,107000,10
11,5.925804089201847e-06,107000,11
0,0.26074156165122986,108000,0
1,0.08752213418483734,108000,1
2,0.025894103571772575,108000,2
3,0.007538961712270975,108000,3
4,0.0023439722135663033,108000,4
5,0.0007669878541491926,108000,5
6,0.00023611045617144555,108000,6
7,7.875767914811149e-05,108000,7
8,2.6253579562762752e-05,108000,8
9,9.885792678687721e-06,108000,9
10,3.839881173917092e-06,108000,10
11,3.839881173917092e-06,108000,11
0,0.2691890597343445,109000,0
1,0.08953210711479187,109000,1
2,0.02806185558438301,109000,2
3,0.007830922491848469,109000,3
4,0.002289073308929801,109000,4
5,0.0009550123941153288,109000,5
6,0.000351053400663659,109000,6
7,0.00010345009650336578,109000,7
8,3.7028825317975134e-05,109000,8
9,1.2860725291830022e-05,109000,9
10,5.048102593718795e-06,109000,10
11,1.7784202555048978e-06,109000,11
0,0.2676548361778259,110000,0
1,0.09125272929668427,110000,1
2,0.026465505361557007,110000,2
3,0.00651616882532835,110000,3
4,0.001999987056478858,110000,4
5,0.0006829528720118105,110000,5
6,0.00019955364405177534,110000,6
7,7.079158967826515e-05,110000,7
8,2.4598663003416732e-05,110000,8
9,2.4598663003416732e-05,110000,9
10,2.4598663003416732e-05,110000,10
11,2.4598663003416732e-05,110000,11
0,0.26565995812416077,111000,0
1,0.08905654400587082,111000,1
2,0.025948641821742058,111000,2
3,0.006312237121164799,111000,3
4,0.002117091789841652,111000,4
5,0.0007436682935804129,111000,5
6,0.000261393521213904,111000,6
7,0.00010601722169667482,111000,7
8,4.059734055772424e-05,111000,8
9,1.397283540427452e-05,111000,9
10,5.1460788199619856e-06,111000,10
11,5.1460788199619856e-06,111000,11
0,0.2680257558822632,112000,0
1,0.09248332679271698,112000,1
2,0.028519349172711372,112000,2
3,0.007538624573498964,112000,3
4,0.002532260026782751,112000,4
5,0.0012295120395720005,112000,5
6,0.0004643468128051609,112000,6
7,0.00014121280401013792,112000,7
8,4.667874236474745e-05,112000,8
9,1.6854508430697024e-05,112000,9
10,6.059513452782994e-06,112000,10
11,6.059513452782994e-06,112000,11
0,0.2660260796546936,113000,0
1,0.09789538383483887,113000,1
2,0.0357452854514122,113000,2
3,0.009001150727272034,113000,3
4,0.0029641352593898773,113000,4
5,0.0010515163885429502,113000,5
6,0.00034903277992270887,113000,6
7,0.00014173494128044695,113000,7
8,4.751369488076307e-05,113000,8
9,1.9211323888157494e-05,113000,9
10,6.9729808274132665e-06,113000,10
11,6.9729808274132665e-06,113000,11
0,0.26839762926101685,114000,0
1,0.09747809916734695,114000,1
2,0.03127368912100792,114000,2
3,0.011242588981986046,114000,3
4,0.003819603705778718,114000,4
5,0.0011604453902691603,114000,5
6,0.0004118204233236611,114000,6
7,0.0001444820372853428,114000,7
8,5.5744651035638526e-05,114000,8
9,2.0890212908852845e-05,114000,9
10,7.66326684242813e-06,114000,10
11,7.66326684242813e-06,114000,11
0,0.2669112980365753,115000,0
1,0.087385393679142,115000,1
2,0.026087988168001175,115000,2
3,0.006880364380776882,115000,3
4,0.0021510531660169363,115000,4
5,0.0007543717510998249,115000,5
6,0.00023350537230726331,115000,6
7,8.981789142126217e-05,115000,7
8,2.790633516269736e-05,115000,8
9,9.733908882481046e-06,115000,9
10,9.733908882481046e-06,115000,10
11,9.733908882481046e-06,115000,11
0,0.2709163427352905,116000,0
1,0.09837566316127777,116000,1
2,0.03265421465039253,116000,2
3,0.00997253693640232,116000,3
4,0.003338088747113943,116000,4
5,0.0012241598451510072,116000,5
6,0.00040724602877162397,116000,6
7,0.0001373856794089079,116000,7
8,4.992499452782795e-05,116000,8
9,1.9229177269153297e-05,116000,9
10,7.087828635121696e-06,116000,10
11,7.087828635121696e-06,116000,11
0,0.27079877257347107,117000,0
1,0.08922434598207474,117000,1
2,0.02581578493118286,117000,2
3,0.006533208303153515,117000,3
4,0.002081675920635462,117000,4
5,0.000706888793502003,117000,5
6,0.0002171333326259628,117000,6
7,7.96520325820893e-05,117000,7
8,2.918762038461864e-05,117000,8
9,1.1327102583891246e-05,117000,9
10,1.1327102583891246e-05,117000,10
11,1.1327102583891246e-05,117000,11
0,0.2674228549003601,118000,0
1,0.09809517115354538,118000,1
2,0.0347890630364418,118000,2
3,0.011011860333383083,118000,3
4,0.0040091415867209435,118000,4
5,0.0016129168216139078,118000,5
6,0.0006000424618832767,118000,6
7,0.00024060036230366677,118000,7
8,0.00010816982830874622,118000,8
9,4.106322376173921e-05,118000,9
10,1.6342066373908892e-05,118000,10
11,8.50753622216871e-06,118000,11
0,0.2657097578048706,119000,0
1,0.08892016112804413,119000,1
2,0.02716083824634552,119000,2
3,0.0062821367755532265,119000,3
4,0.0022298411931842566,119000,4
5,0.0010348479263484478,119000,5
6,0.00032902209204621613,119000,6
7,0.00010947279952233657,119000,7
8,3.6732999433297664e-05,119000,8
9,1.3681098607776221e-05,119000,9
10,6.2795720623398665e-06,119000,10
11,2.204434622399276e-06,119000,11
0,0.26704898476600647,120000,0
1,0.08892938494682312,120000,1
2,0.026440387591719627,120000,2
3,0.0069558159448206425,120000,3
4,0.0024081848096102476,120000,4
5,0.0008141271537169814,120000,5
6,0.0002821563684847206,120000,6
7,0.00011342175275785848,120000,7
8,3.8798883906565607e-05,120000,8
9,1.4277743503043894e-05,120000,9
10,5.055571818957105e-06,120000,10
11,5.055571818957105e-06,120000,11
0,0.2824212312698364,121000,0
1,0.0968538448214531,121000,1
2,0.030362535268068314,121000,2
3,0.009129761718213558,121000,3
4,0.002563409274443984,121000,4
5,0.0008457712829113007,121000,5
6,0.0002693788555916399,121000,6
7,9.42188999033533e-05,121000,7
8,3.319276584079489e-05,121000,8
9,1.2469157809391618e-05,121000,9
10,1.2405841516738292e-05,121000,10
11,1.2405841516738292e-05,121000,11
0,0.26749762892723083,122000,0
1,0.08766065537929535,122000,1
2,0.02655813843011856,122000,2
3,0.006667334586381912,122000,3
4,0.002184805925935507,122000,4
5,0.0007464234950020909,122000,5
6,0.00023210648214444518,122000,6
7,7.68156023696065e-05,122000,7
8,2.747782491496764e-05,122000,8
9,2.747782491496764e-05,122000,9
10,2.747782491496764e-05,122000,10
11,2.747782491496764e-05,122000,11
0,0.27108919620513916,123000,0
1,0.0883224830031395,123000,1
2,0.026544542983174324,123000,2
3,0.007657530251890421,123000,3
4,0.002168020000681281,123000,4
5,0.0007256259559653699,123000,5
6,0.00021799294336233288,123000,6
7,7.735558756394312e-05,123000,7
8,2.7120397135149688e-05,123000,8
9,9.541305189486593e-06,123000,9
10,9.541305189486593e-06,123000,10
11,9.541305189486593e-06,123000,11
0,0.26813018321990967,124000,0
1,0.09074277430772781,124000,1
2,0.026991283521056175,124000,2
3,0.006228330545127392,124000,3
4,0.0019757861737161875,124000,4
5,0.0005796111072413623,124000,5
6,0.0001904115197248757,124000,6
7,6.892480450915173e-05,124000,7
8,2.397848766122479e-05,124000,8
9,9.179839253192768e-06,124000,9
10,9.179839253192768e-06,124000,10
11,9.179839253192768e-06,124000,11
0,0.26622357964515686,125000,0
1,0.0863877609372139,125000,1
2,0.024894243106245995,125000,2
3,0.006252778694033623,125000,3
4,0.0018858310068026185,125000,4
5,0.0006321162218227983,125000,5
6,0.0001840272598201409,125000,6
7,6.327268783934414e-05,125000,7
8,2.0789364498341456e-05,125000,8
9,2.0789364498341456e-05,125000,9
10,2.0789364498341456e-05,125000,10
11,2.0789364498341456e-05,125000,11
0,0.26827409863471985,126000,0
1,0.08885154128074646,126000,1
2,0.027049589902162552,126000,2
3,0.007673919200897217,126000,3
4,0.002240397036075592,126000,4
5,0.0007858589524403214,126000,5
6,0.00024215804296545684,126000,6
7,8.173043170245364e-05,126000,7
8,2.8551941795740277e-05,126000,8
9,1.0405130524304695e-05,126000,9
10,1.0405130524304695e-05,126000,10
11,1.0405130524304695e-05,126000,11
0,0.2672899067401886,127000,0
1,0.09047522395849228,127000,1
2,0.028656642884016037,127000,2
3,0.010871603153645992,127000,3
4,0.003453824669122696,127000,4
5,0.0009904365288093686,127000,5
6,0.00033189586247317493,127000,6
7,0.00010327745258109644,127000,7
8,3.395483145141043e-05,127000,8
9,1.4048715456738137e-05,127000,9
10,5.5446844271500595e-06,127000,10
11,5.4460051615023986e-06,127000,11
0,0.2670528292655945,128000,0
1,0.09384134411811829,128000,1
2,0.0287677813321352,128000,2
3,0.011303432285785675,128000,3
4,0.003565616672858596,128000,4
5,0.000996277783997357,128000,5
6,0.00034548703115433455,128000,6
7,0.0001103011891245842,128000,7
8,4.0549384721089154e-05,128000,8
9,1.3216895240475424e-05,128000,9
10,4.8491247071069665e-06,128000,10
11,4.848687694902765e-06,128000,11
0,0.26173022389411926,129000,0
1,0.09246671944856644,129000,1
2,0.026576362550258636,129000,2
3,0.005799952428787947,129000,3
4,0.0018906111363321543,129000,4
5,0.0006008367636241019,129000,5
6,0.00020351633429527283,129000,6
7,7.417746382998303e-05,129000,7
8,2.9189848646637984e-05,129000,8
9,1.0111308256455231e-05,129000,9
10,1.0111308256455231e-05,129000,10
11,1.0111308256455231e-05,129000,11
0,0.2671511471271515,130000,0
1,0.0928940549492836,130000,1
2,0.028456514701247215,130000,2
3,0.006860672030597925,130000,3
4,0.002142789540812373,130000,4
5,0.0006941079627722502,130000,5
6,0.00023153411166276783,130000,6
7,8.162316225934774e-05,130000,7
8,3.0692121072206646e-05,130000,8
9,1.1651741260720883e-05,130000,9
10,1.1651741260720883e-05,130000,10
11,1.1651741260720883e-05,130000,11
0,0.2619571387767792,131000,0
1,0.09142562747001648,131000,1
2,0.026404784992337227,131000,2
3,0.005866047460585833,131000,3
4,0.001959989545866847,131000,4
5,0.0006219594506546855,131000,5
6,0.00019467336824163795,131000,6
7,6.787303573219106e-05,131000,7
8,2.4266801119665615e-05,131000,8
9,8.340663953276817e-06,131000,9
10,8.340663953276817e-06,131000,10
11,8.340663953276817e-06,131000,11
0,0.27100861072540283,132000,0
1,0.09326379746198654,132000,1
2,0.028824232518672943,132000,2
3,0.014876201748847961,132000,3
4,0.007290581241250038,132000,4
5,0.0016379613662138581,132000,5
6,0.0006093116826377809,132000,6
7,0.00021537029533647,132000,7
8,5.532581781153567e-05,132000,8
9,2.004545967793092e-05,132000,9
10,7.508589987992309e-06,132000,10
11,2.7212113309360575e-06,132000,11
0,0.2632834315299988,133000,0
1,0.0853291004896164,133000,1
2,0.025220463052392006,133000,2
3,0.006014334503561258,133000,3
4,0.0019248916069045663,133000,4
5,0.0006213377928361297,133000,5
6,0.00017827599367592484,133000,6
7,6.010230936226435e-05,133000,7
8,2.1659427147824317e-05,133000,8
9,7.155586899898481e-06,133000,9
10,7.155586899898481e-06,133000,10
11,7.155586899898481e-06,133000,11
0,0.260812908411026,134000,0
1,0.09177448600530624,134000,1
2,0.028310362249612808,134000,2
3,0.007246272172778845,134000,3
4,0.002555758459493518,134000,4
5,0.0008579944260418415,134000,5
6,0.00026990644983015954,134000,6
7,9.360921831103042e-05,134000,7
8,3.40896294801496e-05,134000,8
9,1.2733346920867916e-05,134000,9
10,4.610992164089112e-06,134000,10
11,4.610992164089112e-06,134000,11
0,0.27031785249710083,135000,0
1,0.09287247061729431,135000,1
2,0.02916874550282955,135000,2
3,0.008703849278390408,135000,3
4,0.0031875697895884514,135000,4
5,0.0019799917936325073,135000,5
6,0.0029693201649934053,135000,6
7,0.0015443088486790657,135000,7
8,0.00046577007742598653,135000,8
9,0.00015545886708423495,135000,9
10,6.36182157904841e-05,135000,10
11,5.2867781050736085e-05,135000,11
0,0.26868340373039246,136000,0
1,0.09002677351236343,136000,1
2,0.02744353748857975,136000,2
3,0.006635786034166813,136000,3
4,0.0020513480994850397,136000,4
5,0.0007075268658809364,136000,5
6,0.00020314278663136065,136000,6
7,7.278947305167094e-05,136000,7
8,2.5149152861558832e-05,136000,8
9,9.958081136574037e-06,136000,9
10,3.517554887366714e-06,136000,10
11,3.517554887366714e-06,136000,11
0,0.26076018810272217,137000,0
1,0.08752822130918503,137000,1
2,0.026034142822027206,137000,2
3,0.006371656432747841,137000,3
4,0.0022003883495926857,137000,4
5,0.0007468280382454395,137000,5
6,0.00024154603306669742,137000,6
7,8.946323214331642e-05,137000,7
8,3.342515992699191e-05,137000,8
9,1.2153602256148588e-05,137000,9
10,1.2153602256148588e-05,137000,10
11,1.2153602256148588e-05,137000,11
0,0.2611866593360901,138000,0
1,0.08895111083984375,138000,1
2,0.026218032464385033,138000,2
3,0.0068022035993635654,138000,3
4,0.0021946285851299763,138000,4
5,0.0007382851326838136,138000,5
6,0.0002195988199673593,138000,6
7,7.688135519856587e-05,138000,7
8,2.601580672489945e-05,138000,8
9,9.255654731532559e-06,138000,9
10,9.255654731532559e-06,138000,10
11,9.255654731532559e-06,138000,11
0,0.2661689519882202,139000,0
1,0.08627025783061981,139000,1
2,0.025925783440470695,139000,2
3,0.006617946550250053,139000,3
4,0.0019258353859186172,139000,4
5,0.0006417892291210592,139000,5
6,0.00018382127746008337,139000,6
7,6.530198879772797e-05,139000,7
8,2.224860872956924e-05,139000,8
9,2.224860872956924e-05,139000,9
10,2.224860872956924e-05,139000,10
11,2.224860872956924e-05,139000,11
0,0.26371434330940247,140000,0
1,0.08789371699094772,140000,1
2,0.026887020096182823,140000,2
3,0.008016315288841724,140000,3
4,0.0026026414707303047,140000,4
5,0.000920757302083075,140000,5
6,0.0003022172022610903,140000,6
7,0.00012532468826975673,140000,7
8,4.3002826714655384e-05,140000,8
9,1.5055747098813299e-05,140000,9
10,5.58734473088407e-06,140000,10
11,5.58734473088407e-06,140000,11
0,0.2625843584537506,141000,0
1,0.08772201091051102,141000,1
2,0.025918807834386826,141000,2
3,0.006893087178468704,141000,3
4,0.0021979196462780237,141000,4
5,0.000756849127355963,141000,5
6,0.00023608349147252738,141000,6
7,8.589271601522341e-05,141000,7
8,3.1519983167527243e-05,141000,8
9,1.1424410331528634e-05,141000,9
10,1.1424410331528634e-05,141000,10
11,1.1424410331528634e-05,141000,11
0,0.2575931251049042,142000,0
1,0.08477944135665894,142000,1
2,0.0249000396579504,142000,2
3,0.005952533800154924,142000,3
4,0.001968309748917818,142000,4
5,0.0006578132160939276,142000,5
6,0.0002043829153990373,142000,6
7,7.409168756566942e-05,142000,7
8,3.391615246073343e-05,142000,8
9,1.3550319636124186e-05,142000,9
10,4.605547019309597e-06,142000,10
11,4.605547019309597e-06,142000,11
0,0.2621568441390991,143000,0
1,0.09163843840360641,143000,1
2,0.02988254837691784,143000,2
3,0.009054251946508884,143000,3
4,0.0032377636525779963,143000,4
5,0.0013274725060909986,143000,5
6,0.00042257856694050133,143000,6
7,0.000149302912177518,143000,7
8,5.302586214384064e-05,143000,8
9,2.048932401521597e-05,143000,9
10,8.351810720341746e-06,143000,10
11,3.094585736107547e-06,143000,11
0,0.2638748288154602,144000,0
1,0.09109709411859512,144000,1
2,0.030081063508987427,144000,2
3,0.008507244288921356,144000,3
4,0.0038819259498268366,144000,4
5,0.0016406814102083445,144000,5
6,0.0008944906294345856,144000,6
7,0.0004903736407868564,144000,7
8,0.0008020471432246268,144000,8
9,0.0010526945115998387,144000,9
10,0.0001833945862017572,144000,10
11,7.030018605291843e-05,144000,11
0,0.26862043142318726,145000,0
1,0.08875519037246704,145000,1
2,0.02787766046822071,145000,2
3,0.01117335818707943,145000,3
4,0.0037548744585365057,145000,4
5,0.0010686559835448861,145000,5
6,0.000390689296182245,145000,6
7,0.00011774753511417657,145000,7
8,3.854727401630953e-05,145000,8
9,1.4109734365774784e-05,145000,9
10,5.647060788760427e-06,145000,10
11,5.647060788760427e-06,145000,11
0,0.27354395389556885,146000,0
1,0.09529577195644379,146000,1
2,0.029562853276729584,146000,2
3,0.008420404978096485,146000,3
4,0.002328878501430154,146000,4
5,0.0007806827779859304,146000,5
6,0.00022808107314631343,146000,6
7,7.98959590611048e-05,146000,7
8,2.7777863579103723e-05,146000,8
9,9.146557204076089e-06,146000,9
10,9.146557204076089e-06,146000,10
11,9.146557204076089e-06,146000,11
0,0.267372190952301,147000,0
1,0.09004766494035721,147000,1
2,0.027705485001206398,147000,2
3,0.009019868448376656,147000,3
4,0.0029714724514633417,147000,4
5,0.0009513349505141377,147000,5
6,0.0003049122460652143,147000,6
7,9.767285519046709e-05,147000,7
8,3.280497912783176e-05,147000,8
9,1.1494377758936025e-05,147000,9
10,4.681246991822263e-06,147000,10
11,4.439286840351997e-06,147000,11
0,0.26103997230529785,148000,0
1,0.08837997168302536,148000,1
2,0.026942988857626915,148000,2
3,0.009188434109091759,148000,3
4,0.0038122201804071665,148000,4
5,0.0010520326904952526,148000,5
6,0.0003681159287225455,148000,6
7,0.00011396003537811339,148000,7
8,4.002023342764005e-05,148000,8
9,1.4389815078175161e-05,148000,9
10,4.504628577706171e-06,148000,10
11,4.504628577706171e-06,148000,11
0,0.2625436782836914,149000,0
1,0.08657998591661453,149000,1
2,0.025986870750784874,149000,2
3,0.006152576766908169,149000,3
4,0.001967960735782981,149000,4
5,0.000671001966111362,149000,5
6,0.000190436199773103,149000,6
7,6.423216836992651e-05,149000,7
8,2.2527672626893036e-05,149000,8
9,2.2527672626893036e-05,149000,9
10,2.2527672626893036e-05,149000,10
11,2.2527672626893036e-05,149000,11
0,0.2647727131843567,150000,0
1,0.08788765966892242,150000,1
2,0.027788827195763588,150000,2
3,0.007924291305243969,150000,3
4,0.002902086591348052,150000,4
5,0.000998212955892086,150000,5
6,0.0003480497107375413,150000,6
7,0.00014475143689196557,150000,7
8,5.5323260312434286e-05,150000,8
9,2.4628418032079935e-05,150000,9
10,1.3545671208703425e-05,150000,10
11,5.969151516183047e-06,150000,11
0,0.26393923163414,151000,0
1,0.09187447279691696,151000,1
2,0.028651416301727295,151000,2
3,0.01207819301635027,151000,3
4,0.004513911437243223,151000,4
5,0.0012803442077711225,151000,5
6,0.00047055454342626035,151000,6
7,0.00015009658818598837,151000,7
8,4.7356174036394805e-05,151000,8
9,1.6965115719358437e-05,151000,9
10,6.133723672974156e-06,151000,10
11,6.088317604735494e-06,151000,11
0,0.26045167446136475,152000,0
1,0.08579960465431213,152000,1
2,0.02486933395266533,152000,2
3,0.00651137251406908,152000,3
4,0.002102131024003029,152000,4
5,0.0007083037053234875,152000,5
6,0.00021277827909216285,152000,6
7,7.553365139756352e-05,152000,7
8,2.6666686608223245e-05,152000,8
9,9.889794455375522e-06,152000,9
10,9.889794455375522e-06,152000,10
11,9.889794455375522e-06,152000,11
0,0.2695310711860657,153000,0
1,0.0962475836277008,153000,1
2,0.032685041427612305,153000,2
3,0.0094819450750947,153000,3
4,0.0033635334111750126,153000,4
5,0.0014538740506395698,153000,5
6,0.0005081298877485096,153000,6
7,0.00018390688637737185,153000,7
8,8.25788447400555e-05,153000,8
9,2.716503877309151e-05,153000,9
10,1.1074350368289743e-05,153000,10
11,4.470477051654598e-06,153000,11
0,0.2654026448726654,154000,0
1,0.09015262871980667,154000,1
2,0.026909351348876953,154000,2
3,0.006738696713000536,154000,3
4,0.0020659039728343487,154000,4
5,0.0007009048713371158,154000,5
6,0.0002254648570669815,154000,6
7,7.47309677535668e-05,154000,7
8,2.640019556565676e-05,154000,8
9,1.0143993677047547e-05,154000,9
10,1.0133085197594482e-05,154000,10
11,1.0133085197594482e-05,154000,11
0,0.25863558053970337,155000,0
1,0.0856926441192627,155000,1
2,0.025310061872005463,155000,2
3,0.005764637142419815,155000,3
4,0.0019025144865736365,155000,4
5,0.0006339139654301107,155000,5
6,0.00020264129852876067,155000,6
7,6.947926158318296e-05,155000,7
8,2.4565786588937044e-05,155000,8
9,1.0173082955589052e-05,155000,9
10,3.865237886202522e-06,155000,10
11,3.6806659409194253e-06,155000,11
0,0.2677305042743683,156000,0
1,0.08817685395479202,156000,1
2,0.026704447343945503,156000,2
3,0.007975008338689804,156000,3
4,0.002255457453429699,156000,4
5,0.0007686858880333602,156000,5
6,0.00023194108507595956,156000,6
7,8.277664892375469e-05,156000,7
8,2.8905977160320617e-05,156000,8
9,1.1104692930530291e-05,156000,9
10,3.89838123737718e-06,156000,10
11,3.862526227749186e-06,156000,11
0,0.26280713081359863,157000,0
1,0.08720408380031586,157000,1
2,0.026194050908088684,157000,2
3,0.006373695097863674,157000,3
4,0.0019433900015428662,157000,4
5,0.000612640636973083,157000,5
6,0.0001746697525959462,157000,6
7,6.0842361563118175e-05,157000,7
8,2.025686262641102e-05,157000,8
9,7.000470759521704e-06,157000,9
10,7.000470759521704e-06,157000,10
11,7.000470759521704e-06,157000,11
0,0.26442691683769226,158000,0
1,0.09187847375869751,158000,1
2,0.028128599748015404,158000,2
3,0.006645457353442907,158000,3
4,0.002152800327166915,158000,4
5,0.0007046128157526255,158000,5
6,0.00023158952535595745,158000,6
7,7.977311179274693e-05,158000,7
8,2.7934516765526496e-05,158000,8
9,1.0358960935263894e-05,158000,9
10,1.0358960935263894e-05,158000,10
11,1.0358960935263894e-05,158000,11
0,0.26339390873908997,159000,0
1,0.0939226746559143,159000,1
2,0.02966567873954773,159000,2
3,0.01105087623000145,159000,3
4,0.003519505960866809,159000,4
5,0.0010492227738723159,159000,5
6,0.00037058087764307857,159000,6
7,0.00012333356426097453,159000,7
8,4.420628465595655e-05,159000,8
9,1.54725003085332e-05,159000,9
10,5.457306542666629e-06,159000,10
11,5.457306542666629e-06,159000,11
0,0.261408269405365,160000,0
1,0.08881239593029022,160000,1
2,0.02754971571266651,160000,2
3,0.007613016292452812,160000,3
4,0.002570892684161663,160000,4
5,0.0008209452498704195,160000,5
6,0.00026632961817085743,160000,6
7,9.145471267402172e-05,160000,7
8,3.1679970561526716e-05,160000,8
9,1.1208826435904484e-05,160000,9
10,4.1768844312173314e-06,160000,10
11,4.1768844312173314e-06,160000,11
0,0.2576090097427368,161000,0
1,0.08730965107679367,161000,1
2,0.026726700365543365,161000,2
3,0.007546505890786648,161000,3
4,0.002453163033351302,161000,4
5,0.000805314106401056,161000,5
6,0.0002508352918084711,161000,6
7,8.510979387210682e-05,161000,7
8,2.959399535029661e-05,161000,8
9,1.0166963875235524e-05,161000,9
10,1.0166963875235524e-05,161000,10
11,1.0166963875235524e-05,161000,11
0,0.26740762591362,162000,0
1,0.08868400752544403,162000,1
2,0.027840640395879745,162000,2
3,0.007965288124978542,162000,3
4,0.002936196280643344,162000,4
5,0.000985590973868966,162000,5
6,0.0003454573161434382,162000,6
7,0.00012184443767182529,162000,7
8,4.272126534488052e-05,162000,8
9,1.526217420178e-05,162000,9
10,5.5651917136856355e-06,162000,10
11,5.5651917136856355e-06,162000,11
0,0.26587891578674316,163000,0
1,0.08625893294811249,163000,1
2,0.026947980746626854,163000,2
3,0.00801162887364626,163000,3
4,0.0024557376746088266,163000,4
5,0.0007827523513697088,163000,5
6,0.00024646162637509406,163000,6
7,8.206133497878909e-05,163000,7
8,2.804308314807713e-05,163000,8
9,9.774686986929737e-06,163000,9
10,9.774686986929737e-06,163000,10
11,9.774686986929737e-06,163000,11
0,0.2641604244709015,164000,0
1,0.08654221892356873,164000,1
2,0.027448274195194244,164000,2
3,0.010188354179263115,164000,3
4,0.0035735496785491705,164000,4
5,0.0011090460466220975,164000,5
6,0.0003715436614584178,164000,6
7,0.00011570226342882961,164000,7
8,4.0998787881108e-05,164000,8
9,1.4514172107737977e-05,164000,9
10,5.87015620112652e-06,164000,10
11,5.87015620112652e-06,164000,11
0,0.26497378945350647,165000,0
1,0.09055405110120773,165000,1
2,0.02892170660197735,165000,2
3,0.007779394742101431,165000,3
4,0.0027124807238578796,165000,4
5,0.001231621135957539,165000,5
6,0.000358038698323071,165000,6
7,0.00012175471056252718,165000,7
8,4.4360276660881937e-05,165000,8
9,1.6278283510473557e-05,165000,9
10,6.0434908846218605e-06,165000,10
11,6.0434908846218605e-06,165000,11
0,0.2577648162841797,166000,0
1,0.0877455323934555,166000,1
2,0.02738865837454796,166000,2
3,0.007073806133121252,166000,3
4,0.0023543497081846,166000,4
5,0.0008326080860570073,166000,5
6,0.00030016095843166113,166000,6
7,0.00011428544530645013,166000,7
8,3.999956970801577e-05,166000,8
9,1.5514657206949778e-05,166000,9
10,5.799089194624685e-06,166000,10
11,5.799089194624685e-06,166000,11
0,0.2558920085430145,167000,0
1,0.08825940638780594,167000,1
2,0.025621067732572556,167000,2
3,0.005491688381880522,167000,3
4,0.0018262624507769942,167000,4
5,0.0005929452017880976,167000,5
6,0.00018939706205856055,167000,6
7,6.646043038927019e-05,167000,7
8,2.2661828552372754e-05,167000,8
9,8.338493898918387e-06,167000,9
10,8.338493898918387e-06,167000,10
11,8.338493898918387e-06,167000,11
0,0.26468974351882935,168000,0
1,0.08876696974039078,168000,1
2,0.026485903188586235,168000,2
3,0.005979642271995544,168000,3
4,0.0019587953574955463,168000,4
5,0.0006298155058175325,168000,5
6,0.0002011602045968175,168000,6
7,7.288395136129111e-05,168000,7
8,2.760364986897912e-05,168000,8
9,9.686381417850498e-06,168000,9
10,9.678635251475498e-06,168000,10
11,9.678635251475498e-06,168000,11
0,0.2617858648300171,169000,0
1,0.0856868103146553,169000,1
2,0.02549821510910988,169000,2
3,0.00719456048682332,169000,3
4,0.0022506369277834892,169000,4
5,0.0007531111477874219,169000,5
6,0.00023376573517452925,169000,6
7,8.41408473206684e-05,169000,7
8,3.0101487936917692e-05,169000,8
9,1.0776449016702827e-05,169000,9
10,1.0776449016702827e-05,169000,10
11,1.0776449016702827e-05,169000,11
0,0.2613990902900696,170000,0
1,0.09027931094169617,170000,1
2,0.027202215045690536,170000,2
3,0.006548504810780287,170000,3
4,0.002083955565467477,170000,4
5,0.0006391768110916018,170000,5
6,0.00022235098003875464,170000,6
7,7.693238148931414e-05,170000,7
8,2.8855287382612005e-05,170000,8
9,1.0529331120778807e-05,170000,9
10,1.0529331120778807e-05,170000,10
11,1.0529331120778807e-05,170000,11
0,0.265010803937912,171000,0
1,0.088629812002182,171000,1
2,0.027284400537610054,171000,2
3,0.00843804795295,171000,3
4,0.00283270375803113,171000,4
5,0.0009248363203369081,171000,5
6,0.00030700655770488083,171000,6
7,0.00010887278767768294,171000,7
8,3.844981984002516e-05,171000,8
9,1.3297804798639845e-05,171000,9
10,1.3297804798639845e-05,171000,10
11,1.3297804798639845e-05,171000,11
0,0.26362454891204834,172000,0
1,0.08774524927139282,172000,1
2,0.026871418580412865,172000,2
3,0.006891655270010233,172000,3
4,0.0023134981747716665,172000,4
5,0.0008454812341369689,172000,5
6,0.00025671874755062163,172000,6
7,9.63357524597086e-05,172000,7
8,3.482817919575609e-05,172000,8
9,1.2334269740676973e-05,172000,9
10,4.245937816449441e-06,172000,10
11,4.245937816449441e-06,172000,11
0,0.2642282247543335,173000,0
1,0.09046551585197449,173000,1
2,0.02625426836311817,173000,2
3,0.006208707112818956,173000,3
4,0.0019517489708960056,173000,4
5,0.0006474715191870928,173000,5
6,0.00019362826424185187,173000,6
7,6.939870945643634e-05,173000,7
8,2.425086495350115e-05,173000,8
9,9.0179046310368e-06,173000,9
10,9.0179046310368e-06,173000,10
11,9.0179046310368e-06,173000,11
0,0.2709124982357025,174000,0
1,0.08655762672424316,174000,1
2,0.027284929528832436,174000,2
3,0.009896773844957352,174000,3
4,0.003976416774094105,174000,4
5,0.004116740543395281,174000,5
6,0.004705188795924187,174000,6
7,0.003616048488765955,174000,7
8,0.0010050353594124317,174000,8
9,0.00048005644930526614,174000,9
10,0.00020373302686493844,174000,10
11,0.00013121566735208035,174000,11
0,0.2601613700389862,175000,0
1,0.08671088516712189,175000,1
2,0.026506220921874046,175000,2
3,0.007409362588077784,175000,3
4,0.003084394847974181,175000,4
5,0.09860240668058395,175000,5
6,0.03154677897691727,175000,6
7,0.01915191113948822,175000,7
8,0.015371188521385193,175000,8
9,0.09303533285856247,175000,9
10,0.07908765971660614,175000,10
11,0.04807895049452782,175000,11
0,0.26029539108276367,176000,0
1,0.08428926020860672,176000,1
2,0.02638895995914936,176000,2
3,0.007145880255848169,176000,3
4,0.0035397910978645086,176000,4
5,0.0024712923914194107,176000,5
6,0.0005705458461306989,176000,6
7,0.00021505587210413069,176000,7
8,9.582193160895258e-05,176000,8
9,4.1394643631065264e-05,176000,9
10,1.3902052160119638e-05,176000,10
11,5.741692348237848e-06,176000,11
0,0.26248764991760254,177000,0
1,0.09151472896337509,177000,1
2,0.02876422367990017,177000,2
3,0.007651132065802813,177000,3
4,0.0026092417538166046,177000,4
5,0.0009032057132571936,177000,5
6,0.0002816208580043167,177000,6
7,9.628690168028697e-05,177000,7
8,3.361000926815905e-05,177000,8
9,1.2315949788899161e-05,177000,9
10,1.2273291758901905e-05,177000,10
11,1.2273291758901905e-05,177000,11
0,0.26563122868537903,178000,0
1,0.09011556953191757,178000,1
2,0.02669893018901348,178000,2
3,0.0058900536969304085,178000,3
4,0.0020149818155914545,178000,4
5,0.0006059060688130558,178000,5
6,0.00019732193322852254,178000,6
7,6.955711432965472e-05,178000,7
8,2.60227079706965e-05,178000,8
9,1.1398749848012812e-05,178000,9
10,5.201611202210188e-06,178000,10
11,1.732981218083296e-06,178000,11
0,0.2545601427555084,179000,0
1,0.08576429635286331,179000,1
2,0.025992024689912796,179000,2
3,0.0064739687368273735,179000,3
4,0.002168285893276334,179000,4
5,0.0007214465294964612,179000,5
6,0.0002308425900992006,179000,6
7,7.877501775510609e-05,179000,7
8,2.6436722691869363e-05,179000,8
9,9.52332356973784e-06,179000,9
10,9.505170964985155e-06,179000,10
11,9.505170964985155e-06,179000,11
0,0.26945728063583374,180000,0
1,0.08864995092153549,180000,1
2,0.027040811255574226,180000,2
3,0.00819884892553091,180000,3
4,0.002486130455508828,180000,4
5,0.0008359485073015094,180000,5
6,0.0002482030540704727,180000,6
7,8.642415923532099e-05,180000,7
8,2.981796751555521e-05,180000,8
9,1.0607150215946604e-05,180000,9
10,1.0607150215946604e-05,180000,10
11,1.0607150215946604e-05,180000,11
0,0.2685592472553253,181000,0
1,0.09048707783222198,181000,1
2,0.027494771406054497,181000,2
3,0.007554663810878992,181000,3
4,0.0022543943487107754,181000,4
5,0.0007376703433692455,181000,5
6,0.0002261909394292161,181000,6
7,7.744900358375162e-05,181000,7
8,2.7145188141730614e-05,181000,8
9,9.96361723082373e-06,181000,9
10,9.96361723082373e-06,181000,10
11,9.96361723082373e-06,181000,11
0,0.25616297125816345,182000,0
1,0.0887715220451355,182000,1
2,0.028806518763303757,182000,2
3,0.009330403059720993,182000,3
4,0.0038876328617334366,182000,4
5,0.003708387492224574,182000,5
6,0.004625897388905287,182000,6
7,0.0020174947567284107,182000,7
8,0.0006967317895032465,182000,8
9,0.0005134759121574461,182000,9
10,0.00021696188196074218,182000,10
11,6.788875180063769e-05,182000,11
0,0.2653246521949768,183000,0
1,0.09316779673099518,183000,1
2,0.03208256512880325,183000,2
3,0.14400804042816162,183000,3
4,0.4974961280822754,183000,4
5,0.3480151891708374,183000,5
6,1.4644185304641724,183000,6
7,0.2573021650314331,183000,7
8,0.27135592699050903,183000,8
9,0.2732742428779602,183000,9
10,0.2397187203168869,183000,10
11,0.7963845729827881,183000,11
0,0.265091210603714,184000,0
1,0.09276477247476578,184000,1
2,0.03265022113919258,184000,2
3,0.011828174814581871,184000,3
4,0.0047532254830002785,184000,4
5,0.0015860825078561902,184000,5
6,0.0005487284506671131,184000,6
7,0.0002047878224402666,184000,7
8,7.848699169699103e-05,184000,8
9,2.99892490147613e-05,184000,9
10,1.1311552952975035e-05,184000,10
11,4.420545792527264e-06,184000,11
0,0.2648051083087921,185000,0
1,0.08681195229291916,185000,1
2,0.026436511427164078,185000,2
3,0.006632441189140081,185000,3
4,0.0020938008092343807,185000,4
5,0.0007170744938775897,185000,5
6,0.00021193822612985969,185000,6
7,7.22101831343025e-05,185000,7
8,2.412845606158953e-05,185000,8
9,9.032113666762598e-06,185000,9
10,9.01660678209737e-06,185000,10
11,9.01660678209737e-06,185000,11
0,0.2668851315975189,186000,0
1,0.08919795602560043,186000,1
2,0.027715064585208893,186000,2
3,0.009474026039242744,186000,3
4,0.0028570874128490686,186000,4
5,0.0008844785043038428,186000,5
6,0.0002943630679510534,186000,6
7,9.740495443111286e-05,186000,7
8,3.410829958738759e-05,186000,8
9,1.149659146904014e-05,186000,9
10,1.149659146904014e-05,186000,10
11,1.149659146904014e-05,186000,11
0,0.26412805914878845,187000,0
1,0.09015464037656784,187000,1
2,0.0276776272803545,187000,2
3,0.006462463643401861,187000,3
4,0.0021075597032904625,187000,4
5,0.0007093134918250144,187000,5
6,0.0002225828793598339,187000,6
7,8.126589091261849e-05,187000,7
8,2.8868691515526734e-05,187000,8
9,1.0624112292134669e-05,187000,9
10,1.0624112292134669e-05,187000,10
11,1.0624112292134669e-05,187000,11
0,0.26619550585746765,188000,0
1,0.09192466735839844,188000,1
2,0.033907923847436905,188000,2
3,0.0441506989300251,188000,3
4,0.013465913012623787,188000,4
5,0.007525269407778978,188000,5
6,0.0033197111915796995,188000,6
7,0.001615051762200892,188000,7
8,0.0009330877801403403,188000,8
9,0.0008260454633273184,188000,9
10,0.00033042780705727637,188000,10
11,0.0002085762534989044,188000,11
0,0.2648327648639679,189000,0
1,0.09064611047506332,189000,1
2,0.028250519186258316,189000,2
3,0.007741827517747879,189000,3
4,0.0022564546670764685,189000,4
5,0.0007307211635634303,189000,5
6,0.00021832868515048176,189000,6
7,7.403336348943412e-05,189000,7
8,2.5978479243349284e-05,189000,8
9,1.003051693260204e-05,189000,9
10,9.821459570957813e-06,189000,10
11,9.821459570957813e-06,189000,11
0,0.2658616006374359,190000,0
1,0.0884767472743988,190000,1
2,0.025669531896710396,190000,2
3,0.006401957478374243,190000,3
4,0.001947804936207831,190000,4
5,0.0006286722491495311,190000,5
6,0.00017926654254551977,190000,6
7,6.320324609987438e-05,190000,7
8,2.1090279915370047e-05,190000,8
9,2.1090279915370047e-05,190000,9
10,2.1090279915370047e-05,190000,10
11,2.1090279915370047e-05,190000,11
0,0.2584049105644226,191000,0
1,0.08809763938188553,191000,1
2,0.02592753805220127,191000,2
3,0.005445842165499926,191000,3
4,0.001837484072893858,191000,4
5,0.0006072345422580838,191000,5
6,0.0001910879072966054,191000,6
7,6.222785304998979e-05,191000,7
8,1.978290492843371e-05,191000,8
9,1.978290492843371e-05,191000,9
10,1.978290492843371e-05,191000,10
11,1.978290492843371e-05,191000,11
0,0.26448407769203186,192000,0
1,0.08893872797489166,192000,1
2,0.025747379288077354,192000,2
3,0.0062125325202941895,192000,3
4,0.0019418643787503242,192000,4
5,0.0006253301398828626,192000,5
6,0.0001870572887128219,192000,6
7,6.593495345441625e-05,192000,7
8,2.194425178458914e-05,192000,8
9,2.194425178458914e-05,192000,9
10,2.194425178458914e-05,192000,10
11,2.194425178458914e-05,192000,11
0,0.2655993103981018,193000,0
1,0.09227129817008972,193000,1
2,0.028725000098347664,193000,2
3,0.007718497421592474,193000,3
4,0.0025575384497642517,193000,4
5,0.0008941598935052752,193000,5
6,0.00029394979355856776,193000,6
7,0.0001020393829094246,193000,7
8,3.8812544516986236e-05,193000,8
9,1.4868250218569301e-05,193000,9
10,5.0845815167122055e-06,193000,10
11,5.0845815167122055e-06,193000,11
0,0.26595810055732727,194000,0
1,0.09338559955358505,194000,1
2,0.03054184280335903,194000,2
3,0.0077057029120624065,194000,3
4,0.002741479780524969,194000,4
5,0.00107095530256629,194000,5
6,0.00036637994344346225,194000,6
7,0.00014661680324934423,194000,7
8,4.9221431254409254e-05,194000,8
9,1.9085935491602868e-05,194000,9
10,6.652418051089626e-06,194000,10
11,6.652418051089626e-06,194000,11
0,0.261246919631958,195000,0
1,0.08551263809204102,195000,1
2,0.025078507140278816,195000,2
3,0.006387167144566774,195000,3
4,0.0019945933017879725,195000,4
5,0.0006876295665279031,195000,5
6,0.0002015199133893475,195000,6
7,6.972650589887053e-05,195000,7
8,2.2803347746958025e-05,195000,8
9,2.2803347746958025e-05,195000,9
10,2.2803347746958025e-05,195000,10
11,2.2803347746958025e-05,195000,11
0,0.2654517889022827,196000,0
1,0.09334853291511536,196000,1
2,0.02922147884964943,196000,2
3,0.00846649520099163,196000,3
4,0.003172176191583276,196000,4
5,0.0011229048250243068,196000,5
6,0.00034615586628206074,196000,6
7,0.00012149582471465692,196000,7
8,4.5131884689908475e-05,196000,8
9,1.640665504965e-05,196000,9
10,5.835079718963243e-06,196000,10
11,5.835079718963243e-06,196000,11
0,0.2642713189125061,197000,0
1,0.08853600919246674,197000,1
2,0.02749251201748848,197000,2
3,0.006898096762597561,197000,3
4,0.0021538585424423218,197000,4
5,0.0007577043725177646,197000,5
6,0.00024185105576179922,197000,6
7,8.595801773481071e-05,197000,7
8,3.0069330023252405e-05,197000,8
9,1.1147938494104892e-05,197000,9
10,4.170092324784491e-06,197000,10
11,4.170092324784491e-06,197000,11
0,0.26031529903411865,198000,0
1,0.0853777751326561,198000,1
2,0.02604416199028492,198000,2
3,0.006241096183657646,198000,3
4,0.0021009312476962805,198000,4
5,0.0006990659167058766,198000,5
6,0.00021395349176600575,198000,6
7,7.661659765290096e-05,198000,7
8,2.8756203391822055e-05,198000,8
9,1.0418088095320854e-05,198000,9
10,1.0398282938695047e-05,198000,10
11,1.0398282938695047e-05,198000,11
0,0.2680286169052124,199000,0
1,0.08605334162712097,199000,1
2,0.025452319532632828,199000,2
3,0.006772642955183983,199000,3
4,0.0020583432633429766,199000,4
5,0.0006934723351150751,199000,5
6,0.0002004863490583375,199000,6
7,6.916987331351265e-05,199000,7
8,2.3843025701353326e-05,199000,8
9,2.3843025701353326e-05,199000,9
10,2.3843025701353326e-05,199000,10
11,2.3843025701353326e-05,199000,11
0,0.2596120536327362,200000,0
1,0.08534029126167297,200000,1
2,0.024638891220092773,200000,2
3,0.005677089560776949,200000,3
4,0.001812037080526352,200000,4
5,0.0005650089005939662,200000,5
6,0.00017265984206460416,200000,6
7,6.189398845890537e-05,200000,7
8,2.290169504703954e-05,200000,8
9,7.920731150079519e-06,200000,9
10,7.920731150079519e-06,200000,10
11,7.920731150079519e-06,200000,11
0,0.25787588953971863,201000,0
1,0.084215447306633,201000,1
2,0.025269940495491028,201000,2
3,0.005693918094038963,201000,3
4,0.001925584627315402,201000,4
5,0.000619924976490438,201000,5
6,0.00018279088544659317,201000,6
7,6.208307604538277e-05,201000,7
8,2.1225450836936943e-05,201000,8
9,7.800311323080678e-06,201000,9
10,7.800311323080678e-06,201000,10
11,7.800311323080678e-06,201000,11
0,0.26443707942962646,202000,0
1,0.08901946991682053,202000,1
2,0.027914654463529587,202000,2
3,0.006270391866564751,202000,3
4,0.001958301290869713,202000,4
5,0.0005763029330410063,202000,5
6,0.00017451126768719405,202000,6
7,6.394998490577564e-05,202000,7
8,2.390182635281235e-05,202000,8
9,8.525291377736721e-06,202000,9
10,8.505271580361295e-06,202000,10
11,8.505271580361295e-06,202000,11
0,0.25785595178604126,203000,0
1,0.08912332355976105,203000,1
2,0.02744242735207081,203000,2
3,0.01178386714309454,203000,3
4,0.004199141636490822,203000,4
5,0.0012059605214744806,203000,5
6,0.0004113261529710144,203000,6
7,0.00013885820226278156,203000,7
8,3.848567575914785e-05,203000,8
9,1.4057353837415576e-05,203000,9
10,1.4057353837415576e-05,203000,10
11,1.4057353837415576e-05,203000,11
0,0.26303672790527344,204000,0
1,0.08779013901948929,204000,1
2,0.02751965820789337,204000,2
3,0.006798949558287859,204000,3
4,0.0023199550341814756,204000,4
5,0.0007542899693362415,204000,5
6,0.00021945734624750912,204000,6
7,7.73901047068648e-05,204000,7
8,2.4976081476779655e-05,204000,8
9,9.297054930357262e-06,204000,9
10,9.297054930357262e-06,204000,10
11,9.297054930357262e-06,204000,11
0,0.27006036043167114,205000,0
1,0.08874988555908203,205000,1
2,0.026603784412145615,205000,2
3,0.007308885455131531,205000,3
4,0.0023724145721644163,205000,4
5,0.0008468336309306324,205000,5
6,0.0002573668898548931,205000,6
7,8.960667764768004e-05,205000,7
8,2.9807140890625305e-05,205000,8
9,1.0560273949522525e-05,205000,9
10,1.0560273949522525e-05,205000,10
11,1.0560273949522525e-05,205000,11
0,0.27242305874824524,206000,0
1,0.09151596575975418,206000,1
2,0.02729472704231739,206000,2
3,0.007511970121413469,206000,3
4,0.002212227787822485,206000,4
5,0.0007528826827183366,206000,5
6,0.00021781673422083259,206000,6
7,7.425473449984565e-05,206000,7
8,2.5648674636613578e-05,206000,8
9,9.351811058877502e-06,206000,9
10,9.351811058877502e-06,206000,10
11,9.351811058877502e-06,206000,11
0,0.2618560492992401,207000,0
1,0.09207368642091751,207000,1
2,0.028277087956666946,207000,2
3,0.00795222632586956,207000,3
4,0.003027340630069375,207000,4
5,0.0010073931189253926,207000,5
6,0.0003217844932805747,207000,6
7,0.00013824513007421046,207000,7
8,5.4445667046820745e-05,207000,8
9,2.116754876624327e-05,207000,9
10,7.668456419196445e-06,207000,10
11,3.0391236123250565e-06,207000,11
0,0.26055872440338135,208000,0
1,0.09078413993120193,208000,1
2,0.029258251190185547,208000,2
3,0.009343896061182022,208000,3
4,0.003291602013632655,208000,4
5,0.0011275361757725477,208000,5
6,0.00034934969153255224,208000,6
7,0.00011364509555278346,208000,7
8,3.7274036003509536e-05,208000,8
9,1.2351480108918622e-05,208000,9
10,4.498522685025819e-06,208000,10
11,4.498522685025819e-06,208000,11
0,0.2648357152938843,209000,0
1,0.0878414660692215,209000,1
2,0.026796363294124603,209000,2
3,0.007201050873845816,209000,3
4,0.002189241349697113,209000,4
5,0.0007332436507567763,209000,5
6,0.0002142142184311524,209000,6
7,7.493558950955048e-05,209000,7
8,2.7117095669382252e-05,209000,8
9,1.0026009476860054e-05,209000,9
10,1.0026009476860054e-05,209000,10
11,1.0026009476860054e-05,209000,11
0,0.26530566811561584,210000,0
1,0.08586937189102173,210000,1
2,0.02576596476137638,210000,2
3,0.0064622024074196815,210000,3
4,0.0019914107397198677,210000,4
5,0.0006654579774476588,210000,5
6,0.00019648458692245185,210000,6
7,7.08977022441104e-05,210000,7
8,2.623407999635674e-05,210000,8
9,2.623407999635674e-05,210000,9
10,2.623407999635674e-05,210000,10
11,2.623407999635674e-05,210000,11
0,0.266047865152359,211000,0
1,0.0853637307882309,211000,1
2,0.025873230770230293,211000,2
3,0.006519774906337261,211000,3
4,0.0018825882580131292,211000,4
5,0.0005966530879959464,211000,5
6,0.0001756080600898713,211000,6
7,6.173137080622837e-05,211000,7
8,2.084401603497099e-05,211000,8
9,2.084401603497099e-05,211000,9
10,2.084401603497099e-05,211000,10
11,2.084401603497099e-05,211000,11
0,0.26029595732688904,212000,0
1,0.08612555265426636,212000,1
2,0.026409445330500603,212000,2
3,0.006764239631593227,212000,3
4,0.002317346166819334,212000,4
5,0.0008006459684111178,212000,5
6,0.00024490084615536034,212000,6
7,8.606421033618972e-05,212000,7
8,3.058789297938347e-05,212000,8
9,1.1635668670351151e-05,212000,9
10,1.1635668670351151e-05,212000,10
11,1.1635668670351151e-05,212000,11
0,0.2608838975429535,213000,0
1,0.09021498262882233,213000,1
2,0.026101896539330482,213000,2
3,0.005618253722786903,213000,3
4,0.0019139369251206517,213000,4
5,0.0006470530643127859,213000,5
6,0.00023136194795370102,213000,6
7,8.111669012578204e-05,213000,7
8,2.8799187930417247e-05,213000,8
9,1.0509856110729743e-05,213000,9
10,1.0509856110729743e-05,213000,10
11,1.0509856110729743e-05,213000,11
0,0.26694515347480774,214000,0
1,0.08930608630180359,214000,1
2,0.027046602219343185,214000,2
3,0.008076165802776814,214000,3
4,0.002491945633664727,214000,4
5,0.0008735803421586752,214000,5
6,0.00029096321668475866,214000,6
7,9.869180939858779e-05,214000,7
8,3.27388261212036e-05,214000,8
9,1.1465366696938872e-05,214000,9
10,4.035810889035929e-06,214000,10
11,4.035810889035929e-06,214000,11
0,0.2635268568992615,215000,0
1,0.08865757286548615,215000,1
2,0.02724469266831875,215000,2
3,0.00823951605707407,215000,3
4,0.002481978153809905,215000,4
5,0.0007909522391855717,215000,5
6,0.0002564114111009985,215000,6
7,8.377405174542218e-05,215000,7
8,3.017884591827169e-05,215000,8
9,1.0641934750310611e-05,215000,9
10,1.0641934750310611e-05,215000,10
11,1.0641934750310611e-05,215000,11
0,0.2654455900192261,216000,0
1,0.08866636455059052,216000,1
2,0.026470117270946503,216000,2
3,0.0063739921897649765,216000,3
4,0.002015423495322466,216000,4
5,0.0006722160032950342,216000,5
6,0.00019479385809972882,216000,6
7,7.317767449421808e-05,216000,7
8,3.380335692781955e-05,216000,8
9,1.0908303920587059e-05,216000,9
10,3.953593477490358e-06,216000,10
11,3.953593477490358e-06,216000,11
0,0.2638598084449768,217000,0
1,0.09028445929288864,217000,1
2,0.02737385407090187,217000,2
3,0.007062489166855812,217000,3
4,0.003844528691843152,217000,4
5,0.0022884926293045282,217000,5
6,0.0006995636504143476,217000,6
7,0.00024269237474072725,217000,7
8,9.859207057161257e-05,217000,8
9,3.657793058664538e-05,217000,9
10,1.3655858310812619e-05,217000,10
11,5.345565568859456e-06,217000,11
0,0.26159095764160156,218000,0
1,0.09424522519111633,218000,1
2,0.028809763491153717,218000,2
3,0.007379183545708656,218000,3
4,0.002300791908055544,218000,4
5,0.0007513288292102516,218000,5
6,0.000258074258454144,218000,6
7,8.956667443271726e-05,218000,7
8,3.7201072700554505e-05,218000,8
9,1.2640033673960716e-05,218000,9
10,4.295973667467479e-06,218000,10
11,4.295973667467479e-06,218000,11
0,0.26967158913612366,219000,0
1,0.09158484637737274,219000,1
2,0.028585979714989662,219000,2
3,0.009581231512129307,219000,3
4,0.0031699829269200563,219000,4
5,0.0009669381543062627,219000,5
6,0.0003245229017920792,219000,6
7,0.0001085372205125168,219000,7
8,3.851105793728493e-05,219000,8
9,1.4166090295475442e-05,219000,9
10,4.837440883420641e-06,219000,10
11,4.837440883420641e-06,219000,11
0,0.26544713973999023,220000,0
1,0.08698720484972,220000,1
2,0.026677796617150307,220000,2
3,0.006747956853359938,220000,3
4,0.0021225218661129475,220000,4
5,0.0007217489182949066,220000,5
6,0.0002255231374874711,220000,6
7,7.860867481213063e-05,220000,7
8,2.773551386781037e-05,220000,8
9,1.0203842975897714e-05,220000,9
10,1.0203842975897714e-05,220000,10
11,1.0203842975897714e-05,220000,11
0,0.25752609968185425,221000,0
1,0.08862733095884323,221000,1
2,0.026246147230267525,221000,2
3,0.006726393010467291,221000,3
4,0.0022260514087975025,221000,4
5,0.0008157567935995758,221000,5
6,0.00027963632601313293,221000,6
7,8.528914622729644e-05,221000,7
8,2.781940929708071e-05,221000,8
9,9.73556780081708e-06,221000,9
10,3.5699392810784047e-06,221000,10
11,3.5699392810784047e-06,221000,11
0,0.2666392922401428,222000,0
1,0.08810491859912872,222000,1
2,0.025457846000790596,222000,2
3,0.00638990243896842,222000,3
4,0.0020047128200531006,222000,4
5,0.0006599644548259676,222000,5
6,0.00019594831974245608,222000,6
7,6.758666859241202e-05,222000,7
8,2.377889359195251e-05,222000,8
9,8.56403221405344e-06,222000,9
10,8.516089110344183e-06,222000,10
11,8.516089110344183e-06,222000,11
0,0.257802277803421,223000,0
1,0.08815792202949524,223000,1
2,0.02677149698138237,223000,2
3,0.0057958755642175674,223000,3
4,0.0019363543251529336,223000,4
5,0.000573648838326335,223000,5
6,0.00018136338621843606,223000,6
7,6.243117968551815e-05,223000,7
8,2.327214679098688e-05,223000,8
9,8.140973477566149e-06,223000,9
10,8.140973477566149e-06,223000,10
11,8.140973477566149e-06,223000,11
0,0.26735919713974,224000,0
1,0.09130854159593582,224000,1
2,0.029132988303899765,224000,2
3,0.015704328194260597,224000,3
4,0.005787135101854801,224000,4
5,0.001518303295597434,224000,5
6,0.0005365014658309519,224000,6
7,0.0001895121968118474,224000,7
8,5.226955545367673e-05,224000,8
9,1.9341514416737482e-05,224000,9
10,6.969968580960995e-06,224000,10
11,2.417456698822207e-06,224000,11
0,0.2651538550853729,225000,0
1,0.08752891421318054,225000,1
2,0.026898395270109177,225000,2
3,0.007474394049495459,225000,3
4,0.0025829006917774677,225000,4
5,0.0011111554922536016,225000,5
6,0.0003588989202398807,225000,6
7,0.00015848729526624084,225000,7
8,5.4547752370126545e-05,225000,8
9,2.030123505392112e-05,225000,9
10,6.887600193294929e-06,225000,10
11,2.613291371744708e-06,225000,11
0,0.2712584137916565,226000,0
1,0.09205347299575806,226000,1
2,0.03063991852104664,226000,2
3,0.009630165062844753,226000,3
4,0.003579578595235944,226000,4
5,0.0018681406509131193,226000,5
6,0.0005954905063845217,226000,6
7,0.00019870736286975443,226000,7
8,7.036946772132069e-05,226000,8
9,2.576885890448466e-05,226000,9
10,8.795243957138155e-06,226000,10
11,8.795243957138155e-06,226000,11
0,0.2616529166698456,227000,0
1,0.09181208908557892,227000,1
2,0.02892504446208477,227000,2
3,0.021129941567778587,227000,3
4,0.010633762925863266,227000,4
5,0.004009258467704058,227000,5
6,0.0008446411229670048,227000,6
7,0.0003159197513014078,227000,7
8,8.088591857813299e-05,227000,8
9,2.757113725238014e-05,227000,9
10,1.0545385521254502e-05,227000,10
11,1.049094589689048e-05,227000,11
0,0.2588709592819214,228000,0
1,0.08503319323062897,228000,1
2,0.02575887367129326,228000,2
3,0.007065141573548317,228000,3
4,0.002013549441471696,228000,4
5,0.0006695108022540808,228000,5
6,0.00018954767438117415,228000,6
7,6.805294833611697e-05,228000,7
8,2.3351129129878245e-05,228000,8
9,8.109295777103398e-06,228000,9
10,8.109295777103398e-06,228000,10
11,8.109295777103398e-06,228000,11
0,0.26124754548072815,229000,0
1,0.0869140475988388,229000,1
2,0.026855861768126488,229000,2
3,0.008008201606571674,229000,3
4,0.0023640026338398457,229000,4
5,0.0008131764479912817,229000,5
6,0.0002626032801344991,229000,6
7,9.589677938492969e-05,229000,7
8,3.4308188332943246e-05,229000,8
9,1.3445887816487812e-05,229000,9
10,4.765203357237624e-06,229000,10
11,4.765203357237624e-06,229000,11
0,0.268681138753891,230000,0
1,0.09126655757427216,230000,1
2,0.028030015528202057,230000,2
3,0.007242567837238312,230000,3
4,0.00245217839255929,230000,4
5,0.000949147914070636,230000,5
6,0.0003312460030429065,230000,6
7,0.00010563658725004643,230000,7
8,3.659813228296116e-05,230000,8
9,1.2751475878758356e-05,230000,9
10,4.803055162483361e-06,230000,10
11,4.803055162483361e-06,230000,11
0,0.2633756101131439,231000,0
1,0.08750762045383453,231000,1
2,0.026057317852973938,231000,2
3,0.006036646198481321,231000,3
4,0.0019420027965679765,231000,4
5,0.0006586387171410024,231000,5
6,0.00019491180137265474,231000,6
7,6.774230860173702e-05,231000,7
8,2.2527288820128888e-05,231000,8
9,2.2527288820128888e-05,231000,9
10,2.2527288820128888e-05,231000,10
11,2.2527288820128888e-05,231000,11
0,0.2669043242931366,232000,0
1,0.0902826264500618,232000,1
2,0.027027079835534096,232000,2
3,0.006215184926986694,232000,3
4,0.0019491675775498152,232000,4
5,0.0006160454940982163,232000,5
6,0.0001824514620238915,232000,6
7,6.44404353806749e-05,232000,7
8,2.2120471840025857e-05,232000,8
9,2.2120471840025857e-05,232000,9
10,2.2120471840025857e-05,232000,10
11,2.2120471840025857e-05,232000,11
0,0.264960378408432,233000,0
1,0.09055539220571518,233000,1
2,0.028155943378806114,233000,2
3,0.007833680137991905,233000,3
4,0.0025459122844040394,233000,4
5,0.000892966752871871,233000,5
6,0.00027750336448661983,233000,6
7,9.442446753382683e-05,233000,7
8,3.3031217753887177e-05,233000,8
9,1.194769902213011e-05,233000,9
10,4.359359081718139e-06,233000,10
11,4.359359081718139e-06,233000,11
0,0.2667900323867798,234000,0
1,0.08678589761257172,234000,1
2,0.02586507797241211,234000,2
3,0.006866942625492811,234000,3
4,0.0021393217612057924,234000,4
5,0.0007106446428224444,234000,5
6,0.00021569832460954785,234000,6
7,7.474629092030227e-05,234000,7
8,2.4843997380230576e-05,234000,8
9,9.081988537218422e-06,234000,9
10,9.081988537218422e-06,234000,10
11,9.081988537218422e-06,234000,11
0,0.26641255617141724,235000,0
1,0.09021151065826416,235000,1
2,0.026241254061460495,235000,2
3,0.005673862993717194,235000,3
4,0.0018302364042028785,235000,4
5,0.0005202795728109777,235000,5
6,0.00016619154484942555,235000,6
7,5.86232308705803e-05,235000,7
8,2.156476693926379e-05,235000,8
9,7.973989340825938e-06,235000,9
10,7.96408494352363e-06,235000,10
11,7.96408494352363e-06,235000,11
0,0.26374709606170654,236000,0
1,0.08531323820352554,236000,1
2,0.02520878240466118,236000,2
3,0.006786562968045473,236000,3
4,0.002040759427472949,236000,4
5,0.0006829296471551061,236000,5
6,0.00019794578838627785,236000,6
7,6.797833339078352e-05,236000,7
8,2.3623055312782526e-05,236000,8
9,2.3623055312782526e-05,236000,9
10,2.3623055312782526e-05,236000,10
11,2.3623055312782526e-05,236000,11
