,abs,train_step,solver_step
0,1.2417656183242798,0,0
1,0.9252856373786926,0,1
2,0.9170058369636536,0,2
3,0.5088055729866028,0,3
4,0.33313024044036865,0,4
5,0.746159553527832,0,5
6,0.4361119270324707,0,6
7,0.34861135482788086,0,7
8,0.661909282207489,0,8
9,0.4033713638782501,0,9
10,0.42179182171821594,0,10
11,9.577686309814453,0,11
0,2.2125229835510254,1000,0
1,1.4232913255691528,1000,1
2,0.8649404644966125,1000,2
3,0.5351926684379578,1000,3
4,0.346771776676178,1000,4
5,0.17369084060192108,1000,5
6,1.0799838304519653,1000,6
7,1.0906580686569214,1000,7
8,0.8657588958740234,1000,8
9,4.308483123779297,1000,9
10,1.8785781860351562,1000,10
11,5.174137592315674,1000,11
0,2.8172073364257812,2000,0
1,1.6671534776687622,2000,1
2,0.9965892434120178,2000,2
3,1.162101149559021,2000,3
4,0.6442811489105225,2000,4
5,1.2106866836547852,2000,5
6,0.36763325333595276,2000,6
7,0.48527517914772034,2000,7
8,0.22927947342395782,2000,8
9,0.30817916989326477,2000,9
10,0.8541063070297241,2000,10
11,0.7790995240211487,2000,11
0,4.227393627166748,3000,0
1,2.08537220954895,3000,1
2,1.1110752820968628,3000,2
3,1.2487819194793701,3000,3
4,0.6513383388519287,3000,4
5,0.4918369650840759,3000,5
6,0.22475823760032654,3000,6
7,0.5243788957595825,3000,7
8,0.9125319123268127,3000,8
9,0.6702075004577637,3000,9
10,0.23136745393276215,3000,10
11,0.8792337775230408,3000,11
0,3.885788679122925,4000,0
1,1.4989382028579712,4000,1
2,0.4315510392189026,4000,2
3,1.6331921815872192,4000,3
4,1.1069570779800415,4000,4
5,4.405086517333984,4000,5
6,4.385704040527344,4000,6
7,7.822757720947266,4000,7
8,3.3495121002197266,4000,8
9,3.129451274871826,4000,9
10,1.84340238571167,4000,10
11,4.480019569396973,4000,11
0,3.409755229949951,5000,0
1,1.5114636421203613,5000,1
2,0.7431173324584961,5000,2
3,0.4775502383708954,5000,3
4,0.9368074536323547,5000,4
5,1.7855252027511597,5000,5
6,2.4614102840423584,5000,6
7,1.8955367803573608,5000,7
8,8.47823715209961,5000,8
9,1.4055415391921997,5000,9
10,2.1344830989837646,5000,10
11,1.3480048179626465,5000,11
0,4.042593002319336,6000,0
1,2.218595027923584,6000,1
2,1.4575130939483643,6000,2
3,0.9192702174186707,6000,3
4,0.37328431010246277,6000,4
5,0.18820369243621826,6000,5
6,0.5308350324630737,6000,6
7,0.8299766778945923,6000,7
8,0.7310355305671692,6000,8
9,13.420371055603027,6000,9
10,1.8988127708435059,6000,10
11,5.412442207336426,6000,11
0,3.96189022064209,7000,0
1,2.7919836044311523,7000,1
2,2.184335947036743,7000,2
3,2.076035976409912,7000,3
4,1.5848814249038696,7000,4
5,1.4711418151855469,7000,5
6,0.9755799770355225,7000,6
7,2.114328622817993,7000,7
8,3.2082600593566895,7000,8
9,1.6403343677520752,7000,9
10,2.729306697845459,7000,10
11,1.3215841054916382,7000,11
0,4.118863582611084,8000,0
1,1.7282938957214355,8000,1
2,0.7712400555610657,8000,2
3,0.33784401416778564,8000,3
4,0.8953588008880615,8000,4
5,0.9216190576553345,8000,5
6,1.122322916984558,8000,6
7,1.7689380645751953,8000,7
8,4.875596046447754,8000,8
9,1.306235432624817,8000,9
10,3.688964605331421,8000,10
11,1.878571629524231,8000,11
0,3.8326852321624756,9000,0
1,1.1010617017745972,9000,1
2,0.3473278880119324,9000,2
3,0.9684564471244812,9000,3
4,0.7000603675842285,9000,4
5,0.6903124451637268,9000,5
6,1.8832499980926514,9000,6
7,1.1656253337860107,9000,7
8,2.0837559700012207,9000,8
9,0.9322836995124817,9000,9
10,1.455133318901062,9000,10
11,3.662416696548462,9000,11
0,4.259049415588379,10000,0
1,2.1886587142944336,10000,1
2,3.142674207687378,10000,2
3,1.1967413425445557,10000,3
4,1.6927080154418945,10000,4
5,2.1025376319885254,10000,5
6,1.9670069217681885,10000,6
7,8.357820510864258,10000,7
8,22.863819122314453,10000,8
9,10.068608283996582,10000,9
10,4.660281658172607,10000,10
11,24.100297927856445,10000,11
0,4.274716377258301,11000,0
1,2.1793482303619385,11000,1
2,1.7723445892333984,11000,2
3,2.5094809532165527,11000,3
4,1.7366478443145752,11000,4
5,30.358842849731445,11000,5
6,3.551570415496826,11000,6
7,16.64757537841797,11000,7
8,24.41790008544922,11000,8
9,12.016515731811523,11000,9
10,19.99609375,11000,10
11,27.273408889770508,11000,11
0,4.097506523132324,12000,0
1,1.1914159059524536,12000,1
2,1.0092737674713135,12000,2
3,1.9943791627883911,12000,3
4,1.5272506475448608,12000,4
5,5.151173114776611,12000,5
6,3.0329430103302,12000,6
7,1.8673005104064941,12000,7
8,1.6388646364212036,12000,8
9,3.673578977584839,12000,9
10,2.07694935798645,12000,10
11,1.0680240392684937,12000,11
0,3.8852593898773193,13000,0
1,1.8385066986083984,13000,1
2,1.633004903793335,13000,2
3,1.626478910446167,13000,3
4,1.5231585502624512,13000,4
5,3.250793218612671,13000,5
6,3.3949716091156006,13000,6
7,9.082658767700195,13000,7
8,5.382291793823242,13000,8
9,5.858530044555664,13000,9
10,5.1957106590271,13000,10
11,17.070499420166016,13000,11
0,4.11591911315918,14000,0
1,1.9346553087234497,14000,1
2,0.9592000246047974,14000,2
3,0.6082743406295776,14000,3
4,0.7975326180458069,14000,4
5,0.9145874977111816,14000,5
6,1.2536473274230957,14000,6
7,0.7416375875473022,14000,7
8,0.9605466723442078,14000,8
9,1.7850698232650757,14000,9
10,1.1861571073532104,14000,10
11,1.063796877861023,14000,11
0,4.129302501678467,15000,0
1,1.508473515510559,15000,1
2,2.0904102325439453,15000,2
3,12.229941368103027,15000,3
4,4.205167770385742,15000,4
5,99.33984375,15000,5
6,4.501998424530029,15000,6
7,5.14066743850708,15000,7
8,3.6196486949920654,15000,8
9,3.0641791820526123,15000,9
10,6.627431869506836,15000,10
11,4.8829874992370605,15000,11
0,5.201236724853516,16000,0
1,1.5933231115341187,16000,1
2,0.6649565696716309,16000,2
3,1.594795823097229,16000,3
4,0.684073805809021,16000,4
5,1.3290350437164307,16000,5
6,1.1775527000427246,16000,6
7,3.1263835430145264,16000,7
8,1.8966213464736938,16000,8
9,2.69254207611084,16000,9
10,14.331698417663574,16000,10
11,9.979039192199707,16000,11
0,4.2503204345703125,17000,0
1,1.7435208559036255,17000,1
2,0.8688192963600159,17000,2
3,0.5393642783164978,17000,3
4,0.8602828979492188,17000,4
5,1.6286532878875732,17000,5
6,0.7170097827911377,17000,6
7,0.4389840066432953,17000,7
8,8.322713851928711,17000,8
9,12.706001281738281,17000,9
10,1.5037176609039307,17000,10
11,8.193550109863281,17000,11
0,5.1437177658081055,18000,0
1,2.673994302749634,18000,1
2,1.3385518789291382,18000,2
3,3.6427550315856934,18000,3
4,1.6436408758163452,18000,4
5,0.6954483985900879,18000,5
6,0.908287763595581,18000,6
7,1.547537922859192,18000,7
8,1.6922575235366821,18000,8
9,2.4223532676696777,18000,9
10,2.3501644134521484,18000,10
11,2.3258910179138184,18000,11
0,4.827869415283203,19000,0
1,1.8608033657073975,19000,1
2,1.9740628004074097,19000,2
3,2.063236713409424,19000,3
4,0.6988639831542969,19000,4
5,1.1333459615707397,19000,5
6,1.1459627151489258,19000,6
7,1.5526230335235596,19000,7
8,1.7124568223953247,19000,8
9,2.5864927768707275,19000,9
10,1.2370903491973877,19000,10
11,1.1892623901367188,19000,11
0,5.6385321617126465,20000,0
1,1.5970920324325562,20000,1
2,0.6486795544624329,20000,2
3,1.3529279232025146,20000,3
4,1.2380261421203613,20000,4
5,0.338274747133255,20000,5
6,1.1047136783599854,20000,6
7,4.215495586395264,20000,7
8,1.9801905155181885,20000,8
9,4.658112525939941,20000,9
10,4.055395603179932,20000,10
11,59.666500091552734,20000,11
0,4.455441474914551,21000,0
1,1.4901610612869263,21000,1
2,1.1979252099990845,21000,2
3,1.658505916595459,21000,3
4,3.1151371002197266,21000,4
5,2.254849910736084,21000,5
6,18.83584976196289,21000,6
7,2.907332420349121,21000,7
8,2.9913995265960693,21000,8
9,176.15048217773438,21000,9
10,8.075691223144531,21000,10
11,3.068704605102539,21000,11
0,4.911280632019043,22000,0
1,3.7572476863861084,22000,1
2,2.75274920463562,22000,2
3,1.6859309673309326,22000,3
4,0.7818278670310974,22000,4
5,0.4136040508747101,22000,5
6,0.4695412516593933,22000,6
7,0.1913493573665619,22000,7
8,0.04351532459259033,22000,8
9,0.019171712920069695,22000,9
10,0.006687257904559374,22000,10
11,0.003971041180193424,22000,11
0,4.605195045471191,23000,0
1,1.9084075689315796,23000,1
2,0.8932589888572693,23000,2
3,1.1293383836746216,23000,3
4,0.9987867474555969,23000,4
5,2.3131103515625,23000,5
6,2.266296863555908,23000,6
7,1.5473836660385132,23000,7
8,3.7201085090637207,23000,8
9,5.625473976135254,23000,9
10,8.343754768371582,23000,10
11,9.265386581420898,23000,11
0,4.011035919189453,24000,0
1,1.4750128984451294,24000,1
2,1.0897053480148315,24000,2
3,1.8541207313537598,24000,3
4,0.9103788733482361,24000,4
5,3.3615200519561768,24000,5
6,2.5516302585601807,24000,6
7,6.601796627044678,24000,7
8,126.92835235595703,24000,8
9,20.11348533630371,24000,9
10,26.725746154785156,24000,10
11,121.89869689941406,24000,11
0,5.125484466552734,25000,0
1,1.4138482809066772,25000,1
2,0.8842880725860596,25000,2
3,8.494396209716797,25000,3
4,10.898675918579102,25000,4
5,41.09856414794922,25000,5
6,18989.2734375,25000,6
7,2167.10302734375,25000,7
8,490.1497497558594,25000,8
9,147.86819458007812,25000,9
10,26.994054794311523,25000,10
11,10.33251953125,25000,11
0,3.978060007095337,26000,0
1,2.3096442222595215,26000,1
2,1.0532344579696655,26000,2
3,1.9072966575622559,26000,3
4,0.6811803579330444,26000,4
5,0.48203369975090027,26000,5
6,0.4037989675998688,26000,6
7,3.7031517028808594,26000,7
8,1.299613118171692,26000,8
9,2.371720790863037,26000,9
10,2.0360500812530518,26000,10
11,1.9412057399749756,26000,11
0,4.522779941558838,27000,0
1,1.7459975481033325,27000,1
2,0.8752138018608093,27000,2
3,1.201425313949585,27000,3
4,0.5461318492889404,27000,4
5,0.45016419887542725,27000,5
6,1.254582166671753,27000,6
7,0.7647696137428284,27000,7
8,2.918379068374634,27000,8
9,6.455096244812012,27000,9
10,1.2763594388961792,27000,10
11,9.478200912475586,27000,11
0,4.106385707855225,28000,0
1,1.190749168395996,28000,1
2,0.9271072149276733,28000,2
3,0.3966388404369354,28000,3
4,1.5992493629455566,28000,4
5,0.8505170941352844,28000,5
6,2.2586886882781982,28000,6
7,0.0965893492102623,28000,7
8,0.9972259402275085,28000,8
9,1.4006580114364624,28000,9
10,0.12568533420562744,28000,10
11,0.1508786380290985,28000,11
0,4.763804912567139,29000,0
1,2.699045181274414,29000,1
2,1.6084601879119873,29000,2
3,2.1147046089172363,29000,3
4,1.40101957321167,29000,4
5,1.5295524597167969,29000,5
6,1.0223318338394165,29000,6
7,1.748417854309082,29000,7
8,1.601943850517273,29000,8
9,2.0508861541748047,29000,9
10,0.718008816242218,29000,10
11,15.866715431213379,29000,11
0,4.921746253967285,30000,0
1,3.0076839923858643,30000,1
2,1.4760642051696777,30000,2
3,1.277042269706726,30000,3
4,0.8410529494285583,30000,4
5,1.376834750175476,30000,5
6,1.6677882671356201,30000,6
7,0.20551364123821259,30000,7
8,0.25993284583091736,30000,8
9,1.585730791091919,30000,9
10,3.9173104763031006,30000,10
11,2.191490888595581,30000,11
0,4.844063758850098,31000,0
1,1.35865318775177,31000,1
2,1.502578616142273,31000,2
3,18.877405166625977,31000,3
4,1.6233481168746948,31000,4
5,6.347073554992676,31000,5
6,3.1044416427612305,31000,6
7,4.766835689544678,31000,7
8,9.631763458251953,31000,8
9,9.01790714263916,31000,9
10,4.712422847747803,31000,10
11,4.597497940063477,31000,11
0,5.884113311767578,32000,0
1,3.64149808883667,32000,1
2,2.8273813724517822,32000,2
3,32.271949768066406,32000,3
4,3.810657501220703,32000,4
5,9.129709243774414,32000,5
6,4.871691703796387,32000,6
7,3.583122730255127,32000,7
8,57.77967071533203,32000,8
9,15.3618745803833,32000,9
10,16.894933700561523,32000,10
11,5.577229976654053,32000,11
0,3.359105110168457,33000,0
1,2.9579548835754395,33000,1
2,1.911179542541504,33000,2
3,0.961113691329956,33000,3
4,0.9921189546585083,33000,4
5,0.7999541163444519,33000,5
6,8.158662796020508,33000,6
7,2.621528148651123,33000,7
8,10.832281112670898,33000,8
9,5.7439284324646,33000,9
10,3.07114315032959,33000,10
11,4.305752277374268,33000,11
0,3.941194534301758,34000,0
1,1.6368157863616943,34000,1
2,1.142823338508606,34000,2
3,0.6639756560325623,34000,3
4,1.3913005590438843,34000,4
5,0.9932166934013367,34000,5
6,0.8577659130096436,34000,6
7,1.3035261631011963,34000,7
8,0.19874152541160583,34000,8
9,0.9464431405067444,34000,9
10,1.9023935794830322,34000,10
11,1.624198079109192,34000,11
0,5.040510177612305,35000,0
1,2.0224645137786865,35000,1
2,0.9236947298049927,35000,2
3,0.45400333404541016,35000,3
4,0.6952650547027588,35000,4
5,7.5651960372924805,35000,5
6,0.5736619234085083,35000,6
7,1.332011103630066,35000,7
8,0.6669710278511047,35000,8
9,3.0490949153900146,35000,9
10,0.9479742646217346,35000,10
11,1.0733964443206787,35000,11
0,3.8881044387817383,36000,0
1,1.40164315700531,36000,1
2,0.4086315631866455,36000,2
3,0.6990571618080139,36000,3
4,0.3784123957157135,36000,4
5,1.1841965913772583,36000,5
6,5.710808277130127,36000,6
7,1.3934316635131836,36000,7
8,1.344984769821167,36000,8
9,1.7878073453903198,36000,9
10,10.835036277770996,36000,10
11,4.020136833190918,36000,11
0,4.986055850982666,37000,0
1,2.12833833694458,37000,1
2,1.43954598903656,37000,2
3,2.6281180381774902,37000,3
4,2.0513741970062256,37000,4
5,6.043365955352783,37000,5
6,1.9084807634353638,37000,6
7,6.034523963928223,37000,7
8,22.702980041503906,37000,8
9,8.855202674865723,37000,9
10,5.37837028503418,37000,10
11,6.8008599281311035,37000,11
0,3.9320850372314453,38000,0
1,1.1477758884429932,38000,1
2,0.9257474541664124,38000,2
3,1.0922415256500244,38000,3
4,1.4652022123336792,38000,4
5,2.0689191818237305,38000,5
6,4.013589382171631,38000,6
7,29.027454376220703,38000,7
8,14.532763481140137,38000,8
9,30.043283462524414,38000,9
10,38.808685302734375,38000,10
11,15.584941864013672,38000,11
0,5.186277866363525,39000,0
1,2.236607789993286,39000,1
2,2.06504225730896,39000,2
3,1.4026278257369995,39000,3
4,1.4483290910720825,39000,4
5,1.050819993019104,39000,5
6,0.7480815052986145,39000,6
7,1.8915013074874878,39000,7
8,6.310628414154053,39000,8
9,4.725301742553711,39000,9
10,3.9866068363189697,39000,10
11,16.381471633911133,39000,11
0,5.9619975090026855,40000,0
1,2.1036555767059326,40000,1
2,1.905522108078003,40000,2
3,63.59452438354492,40000,3
4,5.703694820404053,40000,4
5,152.96986389160156,40000,5
6,56.609107971191406,40000,6
7,10.276741981506348,40000,7
8,35.810699462890625,40000,8
9,39.17402648925781,40000,9
10,9.443209648132324,40000,10
11,10.515107154846191,40000,11
0,3.696397304534912,41000,0
1,2.532086133956909,41000,1
2,2.397213935852051,41000,2
3,2.227587938308716,41000,3
4,1.54900324344635,41000,4
5,7.6415510177612305,41000,5
6,13.500576972961426,41000,6
7,27.29571533203125,41000,7
8,34.609901428222656,41000,8
9,57.954586029052734,41000,9
10,58.92290496826172,41000,10
11,16.254837036132812,41000,11
0,4.546853065490723,42000,0
1,2.0660085678100586,42000,1
2,2.122558355331421,42000,2
3,1.0723745822906494,42000,3
4,1.216689944267273,42000,4
5,2.470956563949585,42000,5
6,13.525864601135254,42000,6
7,1.6706541776657104,42000,7
8,2.0052223205566406,42000,8
9,9.719050407409668,42000,9
10,4.264694690704346,42000,10
11,10.917476654052734,42000,11
0,4.001919269561768,43000,0
1,1.1468554735183716,43000,1
2,0.2945995032787323,43000,2
3,2.5294315814971924,43000,3
4,0.21141038835048676,43000,4
5,0.2069636583328247,43000,5
6,1.4144527912139893,43000,6
7,0.7000939846038818,43000,7
8,2.5020480155944824,43000,8
9,1.180281162261963,43000,9
10,1.2672929763793945,43000,10
11,1.6348674297332764,43000,11
0,4.114484786987305,44000,0
1,1.5393215417861938,44000,1
2,0.7169362902641296,44000,2
3,0.4423466622829437,44000,3
4,0.368182510137558,44000,4
5,1.0450705289840698,44000,5
6,0.555801272392273,44000,6
7,0.5227759480476379,44000,7
8,0.7242916226387024,44000,8
9,0.23335230350494385,44000,9
10,0.7356113195419312,44000,10
11,0.25261569023132324,44000,11
0,3.6242942810058594,45000,0
1,1.6211293935775757,45000,1
2,1.3040392398834229,45000,2
3,0.4927106201648712,45000,3
4,1.7176860570907593,45000,4
5,14.372824668884277,45000,5
6,1.533319354057312,45000,6
7,3.9424519538879395,45000,7
8,2.01330304145813,45000,8
9,3.230037212371826,45000,9
10,10.06063461303711,45000,10
11,58.58191680908203,45000,11
0,4.688856601715088,46000,0
1,1.8739162683486938,46000,1
2,1.3419349193572998,46000,2
3,0.7413934469223022,46000,3
4,0.4621199667453766,46000,4
5,0.21821635961532593,46000,5
6,0.5649113655090332,46000,6
7,0.13319337368011475,46000,7
8,2.634568214416504,46000,8
9,0.4825119972229004,46000,9
10,2.479031801223755,46000,10
11,0.1416270136833191,46000,11
0,3.8717172145843506,47000,0
1,2.2783925533294678,47000,1
2,0.9007129669189453,47000,2
3,0.38741520047187805,47000,3
4,0.6462915539741516,47000,4
5,0.23243100941181183,47000,5
6,0.15225838124752045,47000,6
7,1.2886803150177002,47000,7
8,1.2708256244659424,47000,8
9,2.5496556758880615,47000,9
10,2.0326004028320312,47000,10
11,1.978904366493225,47000,11
0,3.450692653656006,48000,0
1,2.2585508823394775,48000,1
2,1.9830838441848755,48000,2
3,7.548996925354004,48000,3
4,25.284046173095703,48000,4
5,12.764266014099121,48000,5
6,34.384830474853516,48000,6
7,11.65739917755127,48000,7
8,16.336257934570312,48000,8
9,7.57764196395874,48000,9
10,21.340885162353516,48000,10
11,6.921350002288818,48000,11
0,3.637983798980713,49000,0
1,3.4355876445770264,49000,1
2,2.0433411598205566,49000,2
3,2.207536220550537,49000,3
4,0.8821011781692505,49000,4
5,0.5856290459632874,49000,5
6,1.3693187236785889,49000,6
7,0.49679461121559143,49000,7
8,1.5154310464859009,49000,8
9,2.309123992919922,49000,9
10,1.2224221229553223,49000,10
11,2.080718755722046,49000,11
0,4.819911003112793,50000,0
1,1.776397943496704,50000,1
2,0.8519619703292847,50000,2
3,0.8892728090286255,50000,3
4,0.28111428022384644,50000,4
5,2.684481382369995,50000,5
6,0.2949502766132355,50000,6
7,1.6781972646713257,50000,7
8,0.24530872702598572,50000,8
9,1.3736451864242554,50000,9
10,0.6492921710014343,50000,10
11,1.4282904863357544,50000,11
0,4.017994403839111,51000,0
1,2.260903835296631,51000,1
2,1.3685522079467773,51000,2
3,0.973120927810669,51000,3
4,1.2863924503326416,51000,4
5,1.5103939771652222,51000,5
6,2.297572135925293,51000,6
7,1.4409350156784058,51000,7
8,2.64998459815979,51000,8
9,2.9025588035583496,51000,9
10,0.8814247846603394,51000,10
11,2.7502498626708984,51000,11
0,4.743314266204834,52000,0
1,1.3802322149276733,52000,1
2,2.206277370452881,52000,2
3,2.6754159927368164,52000,3
4,2.9469921588897705,52000,4
5,3.7220394611358643,52000,5
6,3.1469461917877197,52000,6
7,2.4441702365875244,52000,7
8,1.6898071765899658,52000,8
9,3.1022262573242188,52000,9
10,2.0906624794006348,52000,10
11,1.5368183851242065,52000,11
0,4.203373432159424,53000,0
1,1.5335956811904907,53000,1
2,0.7023428082466125,53000,2
3,0.8563026189804077,53000,3
4,0.7112806439399719,53000,4
5,1.4327373504638672,53000,5
6,1.7210105657577515,53000,6
7,2.477020025253296,53000,7
8,1.1115760803222656,53000,8
9,2.229523181915283,53000,9
10,2.2461013793945312,53000,10
11,2.720156669616699,53000,11
0,5.199408054351807,54000,0
1,1.7907228469848633,54000,1
2,0.9294750690460205,54000,2
3,0.828793466091156,54000,3
4,0.20695064961910248,54000,4
5,0.1170039176940918,54000,5
6,1.886668086051941,54000,6
7,1.0790799856185913,54000,7
8,0.06612920016050339,54000,8
9,0.7777295708656311,54000,9
10,0.10454940050840378,54000,10
11,1.7375726699829102,54000,11
0,4.511411666870117,55000,0
1,1.2618014812469482,55000,1
2,0.42121225595474243,55000,2
3,0.5963996052742004,55000,3
4,0.16244107484817505,55000,4
5,0.11010874062776566,55000,5
6,1.2444427013397217,55000,6
7,1.6249198913574219,55000,7
8,2.2024083137512207,55000,8
9,0.7081602215766907,55000,9
10,0.48352405428886414,55000,10
11,1.2286064624786377,55000,11
0,4.8135175704956055,56000,0
1,1.5737948417663574,56000,1
2,0.9366989135742188,56000,2
3,4.571855068206787,56000,3
4,13.007969856262207,56000,4
5,2.3787028789520264,56000,5
6,4.527464866638184,56000,6
7,1.9574286937713623,56000,7
8,13.621081352233887,56000,8
9,2.407684326171875,56000,9
10,13.082942962646484,56000,10
11,2.114872932434082,56000,11
0,4.066314220428467,57000,0
1,1.7043384313583374,57000,1
2,2.0963222980499268,57000,2
3,1.5461931228637695,57000,3
4,0.842725396156311,57000,4
5,1.4494251012802124,57000,5
6,0.574203610420227,57000,6
7,0.7310929894447327,57000,7
8,5.065992832183838,57000,8
9,3.1399097442626953,57000,9
10,2.357896327972412,57000,10
11,1.8881747722625732,57000,11
0,3.5040276050567627,58000,0
1,1.631231427192688,58000,1
2,5.201751232147217,58000,2
3,3.1571974754333496,58000,3
4,3.68791127204895,58000,4
5,2.1144661903381348,58000,5
6,2.3972127437591553,58000,6
7,11.463896751403809,58000,7
8,13.401433944702148,58000,8
9,11.664205551147461,58000,9
10,17.493412017822266,58000,10
11,12.661748886108398,58000,11
0,3.715252637863159,59000,0
1,1.2871147394180298,59000,1
2,1.1051580905914307,59000,2
3,1.714500069618225,59000,3
4,1.5539013147354126,59000,4
5,2.7612929344177246,59000,5
6,1.8495614528656006,59000,6
7,3.899298667907715,59000,7
8,4.1802191734313965,59000,8
9,4.365056991577148,59000,9
10,12.301810264587402,59000,10
11,7.535755157470703,59000,11
0,3.939005136489868,60000,0
1,2.0469682216644287,60000,1
2,0.9746531844139099,60000,2
3,1.8454291820526123,60000,3
4,1.6786539554595947,60000,4
5,0.9128634333610535,60000,5
6,1.094131350517273,60000,6
7,1.0299824476242065,60000,7
8,0.3964352011680603,60000,8
9,0.4794289767742157,60000,9
10,0.7075757384300232,60000,10
11,1.1763129234313965,60000,11
0,5.347077369689941,61000,0
1,2.729877233505249,61000,1
2,1.3285082578659058,61000,2
3,3.696199655532837,61000,3
4,0.970717191696167,61000,4
5,2.1100316047668457,61000,5
6,1.7845666408538818,61000,6
7,2.660179615020752,61000,7
8,15.93227767944336,61000,8
9,3.4289894104003906,61000,9
10,3.6360647678375244,61000,10
11,2.9428625106811523,61000,11
0,6.099233150482178,62000,0
1,2.007200002670288,62000,1
2,1.3769099712371826,62000,2
3,2.0980026721954346,62000,3
4,0.7892577648162842,62000,4
5,0.8865451812744141,62000,5
6,0.99112868309021,62000,6
7,0.8932279348373413,62000,7
8,0.5212286114692688,62000,8
9,1.3929866552352905,62000,9
10,0.9791673421859741,62000,10
11,0.8081539869308472,62000,11
0,3.783796787261963,63000,0
1,1.6358839273452759,63000,1
2,0.6215034127235413,63000,2
3,0.27460619807243347,63000,3
4,0.10747610032558441,63000,4
5,0.09381522983312607,63000,5
6,0.8082824349403381,63000,6
7,0.47643980383872986,63000,7
8,1.716908574104309,63000,8
9,1.5902272462844849,63000,9
10,0.20433221757411957,63000,10
11,1.2942097187042236,63000,11
0,4.732107162475586,64000,0
1,1.3546637296676636,64000,1
2,1.3738774061203003,64000,2
3,0.9310848712921143,64000,3
4,4.258332252502441,64000,4
5,4.086057662963867,64000,5
6,2.1662206649780273,64000,6
7,1.169316291809082,64000,7
8,3.8359763622283936,64000,8
9,1.6751707792282104,64000,9
10,2.6655433177948,64000,10
11,2.1816790103912354,64000,11
0,4.809518814086914,65000,0
1,1.4580408334732056,65000,1
2,0.4963676929473877,65000,2
3,0.5629143714904785,65000,3
4,0.2598155736923218,65000,4
5,1.2946091890335083,65000,5
6,0.19522599875926971,65000,6
7,0.13271087408065796,65000,7
8,0.5459285974502563,65000,8
9,0.48003289103507996,65000,9
10,0.9632481336593628,65000,10
11,0.37603387236595154,65000,11
0,4.004894733428955,66000,0
1,2.2241368293762207,66000,1
2,0.9199758172035217,66000,2
3,1.0757075548171997,66000,3
4,2.05059814453125,66000,4
5,2.307192087173462,66000,5
6,6.441359996795654,66000,6
7,5.307173252105713,66000,7
8,6.2870774269104,66000,8
9,5.350356101989746,66000,9
10,5.211009502410889,66000,10
11,17.834775924682617,66000,11
0,5.417340278625488,67000,0
1,1.5739339590072632,67000,1
2,0.9069716334342957,67000,2
3,1.7670764923095703,67000,3
4,0.6621571779251099,67000,4
5,1.1544193029403687,67000,5
6,0.4518209397792816,67000,6
7,0.2713887095451355,67000,7
8,0.2721954882144928,67000,8
9,1.397403597831726,67000,9
10,1.3278272151947021,67000,10
11,2.3421459197998047,67000,11
0,3.86391282081604,68000,0
1,2.3156917095184326,68000,1
2,1.2129005193710327,68000,2
3,0.8937200903892517,68000,3
4,4.091904640197754,68000,4
5,3.437832832336426,68000,5
6,2.097959041595459,68000,6
7,1.605333685874939,68000,7
8,23.981796264648438,68000,8
9,2.918592691421509,68000,9
10,3.462156057357788,68000,10
11,4.065948963165283,68000,11
0,4.012897491455078,69000,0
1,2.2075984477996826,69000,1
2,1.3155548572540283,69000,2
3,1.949774980545044,69000,3
4,1.0795984268188477,69000,4
5,1.1839247941970825,69000,5
6,1.4107892513275146,69000,6
7,2.160557270050049,69000,7
8,1.8148317337036133,69000,8
9,1.0004732608795166,69000,9
10,3.1664226055145264,69000,10
11,1.1313731670379639,69000,11
0,4.729432582855225,70000,0
1,1.604564905166626,70000,1
2,0.4650246798992157,70000,2
3,0.5313745141029358,70000,3
4,6.109706401824951,70000,4
5,7.55808687210083,70000,5
6,58.50244903564453,70000,6
7,18.269989013671875,70000,7
8,18.02925682067871,70000,8
9,35.33224868774414,70000,9
10,73.69617462158203,70000,10
11,36.139793395996094,70000,11
0,3.744502067565918,71000,0
1,2.3766026496887207,71000,1
2,5.190743446350098,71000,2
3,5.830327033996582,71000,3
4,21.526792526245117,71000,4
5,5.090038776397705,71000,5
6,7.1883344650268555,71000,6
7,2.2664968967437744,71000,7
8,2.021427631378174,71000,8
9,1.2865625619888306,71000,9
10,2.0421814918518066,71000,10
11,0.6815608143806458,71000,11
0,3.765547275543213,72000,0
1,2.734790563583374,72000,1
2,1.8252763748168945,72000,2
3,1.1047886610031128,72000,3
4,0.44861558079719543,72000,4
5,0.8629693984985352,72000,5
6,0.841589629650116,72000,6
7,3.6140787601470947,72000,7
8,0.6851991415023804,72000,8
9,2.81597638130188,72000,9
10,1.454257845878601,72000,10
11,1.3452035188674927,72000,11
0,3.7814199924468994,73000,0
1,1.087729573249817,73000,1
2,0.2672571837902069,73000,2
3,2.5617308616638184,73000,3
4,0.6219284534454346,73000,4
5,1.9808684587478638,73000,5
6,1.0547003746032715,73000,6
7,3.110231637954712,73000,7
8,2.448650598526001,73000,8
9,4.330505847930908,73000,9
10,13.951168060302734,73000,10
11,38.0189323425293,73000,11
0,3.819559335708618,74000,0
1,1.9836751222610474,74000,1
2,0.9005532264709473,74000,2
3,0.5833564400672913,74000,3
4,0.22902518510818481,74000,4
5,2.2720251083374023,74000,5
6,0.6993507742881775,74000,6
7,2.1307930946350098,74000,7
8,2.7090964317321777,74000,8
9,0.5619358420372009,74000,9
10,1.6611886024475098,74000,10
11,1.1896612644195557,74000,11
0,4.268289089202881,75000,0
1,4.178668975830078,75000,1
2,23.793676376342773,75000,2
3,94.67160034179688,75000,3
4,25.869976043701172,75000,4
5,81.611572265625,75000,5
6,8.745844841003418,75000,6
7,22.457311630249023,75000,7
8,7.486501216888428,75000,8
9,22.16610336303711,75000,9
10,5.365159034729004,75000,10
11,4.33059024810791,75000,11
0,3.850590705871582,76000,0
1,1.2682960033416748,76000,1
2,1.5135769844055176,76000,2
3,1.4902958869934082,76000,3
4,0.8287286162376404,76000,4
5,1.4861608743667603,76000,5
6,0.6412194967269897,76000,6
7,1.7865926027297974,76000,7
8,1.4617265462875366,76000,8
9,1.4209414720535278,76000,9
10,1.3299115896224976,76000,10
11,1.5405606031417847,76000,11
0,3.774205207824707,77000,0
1,1.0854530334472656,77000,1
2,0.27478519082069397,77000,2
3,0.0806165263056755,77000,3
4,1.4492957592010498,77000,4
5,0.584360659122467,77000,5
6,1.6949392557144165,77000,6
7,0.15465927124023438,77000,7
8,0.5677333474159241,77000,8
9,9.711711883544922,77000,9
10,0.33712223172187805,77000,10
11,0.5545317530632019,77000,11
0,4.964808940887451,78000,0
1,2.4253013134002686,78000,1
2,1.4042009115219116,78000,2
3,4.7172722816467285,78000,3
4,2.9354002475738525,78000,4
5,3.49531626701355,78000,5
6,8.791797637939453,78000,6
7,2.6886496543884277,78000,7
8,13.215909004211426,78000,8
9,3.1262073516845703,78000,9
10,2.378528356552124,78000,10
11,2.4705870151519775,78000,11
0,3.777860403060913,79000,0
1,1.604591965675354,79000,1
2,1.5076671838760376,79000,2
3,2.3281948566436768,79000,3
4,1.4906775951385498,79000,4
5,15.911906242370605,79000,5
6,239.7367706298828,79000,6
7,34.71488571166992,79000,7
8,28.952404022216797,79000,8
9,9.893097877502441,79000,9
10,24.309837341308594,79000,10
11,18.332103729248047,79000,11
0,3.743959665298462,80000,0
1,1.3526662588119507,80000,1
2,0.3517589569091797,80000,2
3,2.926201105117798,80000,3
4,1.5751807689666748,80000,4
5,6.208823204040527,80000,5
6,4.576236724853516,80000,6
7,32.789039611816406,80000,7
8,19.53512191772461,80000,8
9,24.355663299560547,80000,9
10,18.025436401367188,80000,10
11,16.137332916259766,80000,11
0,4.351219654083252,81000,0
1,1.2289624214172363,81000,1
2,1.0618723630905151,81000,2
3,2.711104393005371,81000,3
4,1.8597990274429321,81000,4
5,1.1132416725158691,81000,5
6,1.4700132608413696,81000,6
7,6.296587944030762,81000,7
8,2.931544065475464,81000,8
9,3.6939008235931396,81000,9
10,31.04736328125,81000,10
11,5.901137828826904,81000,11
0,4.481375694274902,82000,0
1,1.9884456396102905,82000,1
2,2.4050891399383545,82000,2
3,14.824358940124512,82000,3
4,12.815190315246582,82000,4
5,7.7544026374816895,82000,5
6,4.955961227416992,82000,6
7,51.977867126464844,82000,7
8,9.140019416809082,82000,8
9,634.9249267578125,82000,9
10,33.44434356689453,82000,10
11,11.79193115234375,82000,11
0,4.005642414093018,83000,0
1,1.4262280464172363,83000,1
2,0.6531980633735657,83000,2
3,0.32582470774650574,83000,3
4,1.0384438037872314,83000,4
5,0.3506491184234619,83000,5
6,0.6395311951637268,83000,6
7,0.9604638814926147,83000,7
8,0.3082362115383148,83000,8
9,1.0611371994018555,83000,9
10,0.21049238741397858,83000,10
11,1.7841126918792725,83000,11
0,6.759093761444092,84000,0
1,2.537320852279663,84000,1
2,1.216309905052185,84000,2
3,2.862515926361084,84000,3
4,1.8799434900283813,84000,4
5,0.4367109537124634,84000,5
6,1.5518096685409546,84000,6
7,1.5055351257324219,84000,7
8,2.2545742988586426,84000,8
9,0.3949318528175354,84000,9
10,0.9901965260505676,84000,10
11,0.8080177307128906,84000,11
0,3.708583354949951,85000,0
1,1.2288570404052734,85000,1
2,0.32072344422340393,85000,2
3,0.10525526851415634,85000,3
4,0.4955807626247406,85000,4
5,0.8444735407829285,85000,5
6,0.042778752744197845,85000,6
7,0.8746554255485535,85000,7
8,1.3177603483200073,85000,8
9,0.5201014876365662,85000,9
10,0.13335464894771576,85000,10
11,0.14047026634216309,85000,11
0,4.7978925704956055,86000,0
1,1.599467158317566,86000,1
2,2.610948324203491,86000,2
3,4.3391523361206055,86000,3
4,1.8211266994476318,86000,4
5,0.9504098892211914,86000,5
6,2.3390729427337646,86000,6
7,1.4516199827194214,86000,7
8,3.3249998092651367,86000,8
9,2.6752777099609375,86000,9
10,3.2833023071289062,86000,10
11,1.9412028789520264,86000,11
0,3.682091236114502,87000,0
1,1.6535269021987915,87000,1
2,2.7022156715393066,87000,2
3,1.1646859645843506,87000,3
4,0.9660791754722595,87000,4
5,0.6974057555198669,87000,5
6,1.4050548076629639,87000,6
7,1.2963274717330933,87000,7
8,0.7335660457611084,87000,8
9,0.5154862999916077,87000,9
10,3.5297765731811523,87000,10
11,3.187828779220581,87000,11
0,4.924867153167725,88000,0
1,1.7124921083450317,88000,1
2,0.7376790642738342,88000,2
3,1.0430818796157837,88000,3
4,0.4543170928955078,88000,4
5,0.18671421706676483,88000,5
6,0.8914399147033691,88000,6
7,2.6732358932495117,88000,7
8,2.5531747341156006,88000,8
9,7.182246685028076,88000,9
10,5.02938985824585,88000,10
11,6.13010311126709,88000,11
0,3.380776882171631,89000,0
1,3.4746458530426025,89000,1
2,2.5013906955718994,89000,2
3,4.248804092407227,89000,3
4,3.945580005645752,89000,4
5,2.7533421516418457,89000,5
6,9.248257637023926,89000,6
7,3.672314405441284,89000,7
8,40.75532913208008,89000,8
9,16.076757431030273,89000,9
10,31.207246780395508,89000,10
11,7.733879566192627,89000,11
0,4.405724048614502,90000,0
1,2.405195474624634,90000,1
2,0.8240194916725159,90000,2
3,2.131725788116455,90000,3
4,0.7341151833534241,90000,4
5,3.9239091873168945,90000,5
6,0.7168969511985779,90000,6
7,4.082460403442383,90000,7
8,0.7171687483787537,90000,8
9,0.970268726348877,90000,9
10,2.524718999862671,90000,10
11,2.4604198932647705,90000,11
0,5.337701797485352,91000,0
1,2.8754734992980957,91000,1
2,1.2323927879333496,91000,2
3,0.644646406173706,91000,3
4,0.26053184270858765,91000,4
5,1.2125211954116821,91000,5
6,0.26708275079727173,91000,6
7,0.7091987133026123,91000,7
8,0.35431432723999023,91000,8
9,0.4188013970851898,91000,9
10,6.35804557800293,91000,10
11,0.4563518762588501,91000,11
0,3.62711238861084,92000,0
1,1.300034999847412,92000,1
2,2.211223602294922,92000,2
3,0.4308133125305176,92000,3
4,0.8076040148735046,92000,4
5,0.39396581053733826,92000,5
6,0.7206064462661743,92000,6
7,0.1323746293783188,92000,7
8,20.43778419494629,92000,8
9,5.990508079528809,92000,9
10,4.697834491729736,92000,10
11,2.573909282684326,92000,11
0,3.7388715744018555,93000,0
1,1.0733591318130493,93000,1
2,0.28507930040359497,93000,2
3,1.7907366752624512,93000,3
4,1.6700025796890259,93000,4
5,0.6340320110321045,93000,5
6,8.998918533325195,93000,6
7,0.7811183929443359,93000,7
8,1.2890957593917847,93000,8
9,3.4501349925994873,93000,9
10,0.5170984864234924,93000,10
11,1.092078685760498,93000,11
0,4.90745735168457,94000,0
1,1.4179893732070923,94000,1
2,0.5100477933883667,94000,2
3,1.3985828161239624,94000,3
4,0.15731003880500793,94000,4
5,0.12872017920017242,94000,5
6,0.10694731026887894,94000,6
7,0.9304670691490173,94000,7
8,0.9090431928634644,94000,8
9,0.14096711575984955,94000,9
10,0.7864665389060974,94000,10
11,4.061716556549072,94000,11
0,5.06153678894043,95000,0
1,2.0584027767181396,95000,1
2,1.753544807434082,95000,2
3,2.056089401245117,95000,3
4,2.297438621520996,95000,4
5,3.7788987159729004,95000,5
6,5.972698211669922,95000,6
7,33.93780517578125,95000,7
8,16.525636672973633,95000,8
9,35.79126739501953,95000,9
10,67.20814514160156,95000,10
11,11.85324764251709,95000,11
0,5.428548812866211,96000,0
1,2.953533887863159,96000,1
2,4.937270164489746,96000,2
3,17.846834182739258,96000,3
4,10.89150619506836,96000,4
5,23.155977249145508,96000,5
6,4.516907691955566,96000,6
7,6.117001056671143,96000,7
8,3.3368444442749023,96000,8
9,3.5797650814056396,96000,9
10,3.780226230621338,96000,10
11,8.742735862731934,96000,11
0,3.715128183364868,97000,0
1,1.0583301782608032,97000,1
2,0.27431145310401917,97000,2
3,0.07493056356906891,97000,3
4,0.028343873098492622,97000,4
5,0.0077331336215138435,97000,5
6,0.0024512792006134987,97000,6
7,0.430637001991272,97000,7
8,1.3724802732467651,97000,8
9,0.4394948184490204,97000,9
10,0.4533582627773285,97000,10
11,0.04766601696610451,97000,11
0,4.996966361999512,98000,0
1,1.6369476318359375,98000,1
2,0.5852433443069458,98000,2
3,0.18287363648414612,98000,3
4,0.059690725058317184,98000,4
5,0.8546701073646545,98000,5
6,0.04974449425935745,98000,6
7,0.2500869333744049,98000,7
8,2.5106358528137207,98000,8
9,2.0869293212890625,98000,9
10,2.2587637901306152,98000,10
11,1.427944540977478,98000,11
0,4.478926181793213,99000,0
1,2.2571792602539062,99000,1
2,1.3023675680160522,99000,2
3,1.0128744840621948,99000,3
4,0.4962853491306305,99000,4
5,0.2852771580219269,99000,5
6,1.5884891748428345,99000,6
7,0.14288659393787384,99000,7
8,0.6101640462875366,99000,8
9,0.10151335597038269,99000,9
10,0.09864358603954315,99000,10
11,0.07598833739757538,99000,11
0,3.9877610206604004,100000,0
1,1.4073448181152344,100000,1
2,0.631168007850647,100000,2
3,0.916778028011322,100000,3
4,0.7765074372291565,100000,4
5,3.8386282920837402,100000,5
6,0.5642762780189514,100000,6
7,0.8596171736717224,100000,7
8,1.225682020187378,100000,8
9,0.8134443163871765,100000,9
10,2.030656099319458,100000,10
11,2.708996295928955,100000,11
0,8.36510181427002,101000,0
1,4.092836856842041,101000,1
2,1.8908947706222534,101000,2
3,1.6780699491500854,101000,3
4,1.6568360328674316,101000,4
5,1.0496560335159302,101000,5
6,2.706928014755249,101000,6
7,0.9478592872619629,101000,7
8,7.162081718444824,101000,8
9,1.653790831565857,101000,9
10,3.063443183898926,101000,10
11,1.5407068729400635,101000,11
0,5.119551181793213,102000,0
1,1.8915064334869385,102000,1
2,2.0053532123565674,102000,2
3,1.7043811082839966,102000,3
4,2.2309155464172363,102000,4
5,7.459264278411865,102000,5
6,1.8038791418075562,102000,6
7,19.961780548095703,102000,7
8,1.9738391637802124,102000,8
9,1.715155005455017,102000,9
10,29.467878341674805,102000,10
11,2.24434757232666,102000,11
0,3.725802421569824,103000,0
1,1.3316470384597778,103000,1
2,0.5419296622276306,103000,2
3,0.7678832411766052,103000,3
4,1.9487425088882446,103000,4
5,1.5814489126205444,103000,5
6,0.5993724465370178,103000,6
7,2.3304660320281982,103000,7
8,0.41642892360687256,103000,8
9,0.2843097448348999,103000,9
10,0.7768934369087219,103000,10
11,0.8487250804901123,103000,11
0,5.431396007537842,104000,0
1,1.780907392501831,104000,1
2,2.020005464553833,104000,2
3,1.9594149589538574,104000,3
4,1.9021331071853638,104000,4
5,2.343170166015625,104000,5
6,2.307757616043091,104000,6
7,44.882747650146484,104000,7
8,6.928181171417236,104000,8
9,4.605427265167236,104000,9
10,11.186281204223633,104000,10
11,13.119162559509277,104000,11
0,4.376251697540283,105000,0
1,2.392703056335449,105000,1
2,3.72204852104187,105000,2
3,1.1980257034301758,105000,3
4,0.8963860273361206,105000,4
5,1.3190675973892212,105000,5
6,0.47223228216171265,105000,6
7,0.5780688524246216,105000,7
8,0.41823360323905945,105000,8
9,2.6825811862945557,105000,9
10,1.2720690965652466,105000,10
11,0.579427182674408,105000,11
0,3.716017007827759,106000,0
1,2.1789145469665527,106000,1
2,1.4398633241653442,106000,2
3,0.8140143752098083,106000,3
4,1.0544519424438477,106000,4
5,1.5001710653305054,106000,5
6,0.8337150812149048,106000,6
7,1.4578237533569336,106000,7
8,0.7267906069755554,106000,8
9,3.2361690998077393,106000,9
10,2.2738547325134277,106000,10
11,1.5223028659820557,106000,11
0,3.510354995727539,107000,0
1,2.516193151473999,107000,1
2,1.3631449937820435,107000,2
3,0.9216485023498535,107000,3
4,1.5369157791137695,107000,4
5,1.3926557302474976,107000,5
6,2.261186361312866,107000,6
7,0.8699944019317627,107000,7
8,2.4014053344726562,107000,8
9,0.9271821975708008,107000,9
10,1.2185343503952026,107000,10
11,1.0388102531433105,107000,11
0,3.5099356174468994,108000,0
1,3.1296308040618896,108000,1
2,1.7552027702331543,108000,2
3,0.8939082622528076,108000,3
4,0.672095537185669,108000,4
5,0.4820466935634613,108000,5
6,1.0963356494903564,108000,6
7,0.28867796063423157,108000,7
8,2.1715941429138184,108000,8
9,1.8060284852981567,108000,9
10,1.2791450023651123,108000,10
11,0.7619006037712097,108000,11
0,3.476879835128784,109000,0
1,1.3077609539031982,109000,1
2,0.8839465975761414,109000,2
3,0.5630992650985718,109000,3
4,0.3286493122577667,109000,4
5,1.7976508140563965,109000,5
6,1.6061809062957764,109000,6
7,0.7077433466911316,109000,7
8,1.7747459411621094,109000,8
9,1.6031298637390137,109000,9
10,2.670138359069824,109000,10
11,1.6707992553710938,109000,11
0,3.4360384941101074,110000,0
1,1.4645589590072632,110000,1
2,0.5429118871688843,110000,2
3,1.3103432655334473,110000,3
4,1.0260556936264038,110000,4
5,21.58208465576172,110000,5
6,21.997631072998047,110000,6
7,31.7717227935791,110000,7
8,16.426084518432617,110000,8
9,27.90377426147461,110000,9
10,12.84493350982666,110000,10
11,37.23108673095703,110000,11
0,6.210219860076904,111000,0
1,2.601270914077759,111000,1
2,2.139137029647827,111000,2
3,1.0597474575042725,111000,3
4,1.9498317241668701,111000,4
5,1.3557382822036743,111000,5
6,1.5955140590667725,111000,6
7,1.5434812307357788,111000,7
8,3.875128746032715,111000,8
9,8.708846092224121,111000,9
10,2.8316800594329834,111000,10
11,5.654914379119873,111000,11
0,4.167788982391357,112000,0
1,2.472367763519287,112000,1
2,1.615382432937622,112000,2
3,0.3895881474018097,112000,3
4,2.3764772415161133,112000,4
5,1.8722541332244873,112000,5
6,1.5499058961868286,112000,6
7,4.600121974945068,112000,7
8,4.8831868171691895,112000,8
9,37.898380279541016,112000,9
10,18.42061424255371,112000,10
11,24.514543533325195,112000,11
0,3.560824155807495,113000,0
1,2.0487654209136963,113000,1
2,2.177028179168701,113000,2
3,1.6961814165115356,113000,3
4,1.2208948135375977,113000,4
5,3.7215845584869385,113000,5
6,1.7057102918624878,113000,6
7,27.510501861572266,113000,7
8,14.37835693359375,113000,8
9,6.949201583862305,113000,9
10,4.50606107711792,113000,10
11,4.745607852935791,113000,11
0,3.7945144176483154,114000,0
1,3.573378562927246,114000,1
2,15.855379104614258,114000,2
3,7.170859336853027,114000,3
4,5.2806220054626465,114000,4
5,6.192066192626953,114000,5
6,65.16654205322266,114000,6
7,13.251601219177246,114000,7
8,7.254005432128906,114000,8
9,47.3944091796875,114000,9
10,5.022487163543701,114000,10
11,5.3371992111206055,114000,11
0,3.758596897125244,115000,0
1,1.6251660585403442,115000,1
2,1.1531001329421997,115000,2
3,2.6197009086608887,115000,3
4,1.6875596046447754,115000,4
5,2.056025743484497,115000,5
6,3.224600315093994,115000,6
7,17.353775024414062,115000,7
8,4.726408004760742,115000,8
9,5.409073352813721,115000,9
10,4.004591464996338,115000,10
11,2.180441379547119,115000,11
0,3.685938596725464,116000,0
1,1.7208739519119263,116000,1
2,0.6668436527252197,116000,2
3,0.5962367653846741,116000,3
4,0.4061363935470581,116000,4
5,0.4994507431983948,116000,5
6,0.9838416576385498,116000,6
7,0.2600526809692383,116000,7
8,0.9966381788253784,116000,8
9,0.2808433175086975,116000,9
10,0.4057996869087219,116000,10
11,0.13181543350219727,116000,11
0,3.3983521461486816,117000,0
1,2.551720142364502,117000,1
2,3.502542495727539,117000,2
3,33.42259216308594,117000,3
4,3.355238199234009,117000,4
5,9.603882789611816,117000,5
6,4.3855204582214355,117000,6
7,11.750704765319824,117000,7
8,5.033421993255615,117000,8
9,9.555612564086914,117000,9
10,5.64793586730957,117000,10
11,21.76019859313965,117000,11
0,3.552511692047119,118000,0
1,2.340691089630127,118000,1
2,1.03529953956604,118000,2
3,0.3683851659297943,118000,3
4,1.2939893007278442,118000,4
5,0.808935284614563,118000,5
6,1.457951307296753,118000,6
7,1.2515307664871216,118000,7
8,2.284986734390259,118000,8
9,5.154351234436035,118000,9
10,1.4350733757019043,118000,10
11,6.167993545532227,118000,11
0,6.132598876953125,119000,0
1,3.627634286880493,119000,1
2,1.8747191429138184,119000,2
3,0.9270514845848083,119000,3
4,0.5458932518959045,119000,4
5,0.5597764253616333,119000,5
6,0.2644307315349579,119000,6
7,2.4402310848236084,119000,7
8,0.6141809225082397,119000,8
9,1.5136648416519165,119000,9
10,1.0472886562347412,119000,10
11,1.9514034986495972,119000,11
0,3.802173614501953,120000,0
1,1.3135284185409546,120000,1
2,0.5917656421661377,120000,2
3,0.2751152217388153,120000,3
4,0.08178526163101196,120000,4
5,0.019051073119044304,120000,5
6,0.006834601517766714,120000,6
7,1.213965654373169,120000,7
8,0.42250388860702515,120000,8
9,0.009178845211863518,120000,9
10,2.1129345893859863,120000,10
11,0.012807651422917843,120000,11
0,4.129849433898926,121000,0
1,2.690532922744751,121000,1
2,68.01527404785156,121000,2
3,21.683528900146484,121000,3
4,71.47534942626953,121000,4
5,25.283084869384766,121000,5
6,10.296510696411133,121000,6
7,5.272578239440918,121000,7
8,6.83750057220459,121000,8
9,4.238091468811035,121000,9
10,12.794666290283203,121000,10
11,4.227003574371338,121000,11
0,3.5740578174591064,122000,0
1,0.9941285848617554,122000,1
2,1.7882263660430908,122000,2
3,1.0296881198883057,122000,3
4,1.4604898691177368,122000,4
5,1.6259554624557495,122000,5
6,7.381608009338379,122000,6
7,8.776421546936035,122000,7
8,5.403707027435303,122000,8
9,5.472793102264404,122000,9
10,10.337626457214355,122000,10
11,11.846234321594238,122000,11
0,4.027563095092773,123000,0
1,2.295175790786743,123000,1
2,2.1165478229522705,123000,2
3,2.5737063884735107,123000,3
4,1.671355128288269,123000,4
5,3.0317022800445557,123000,5
6,0.8627274036407471,123000,6
7,1.6006441116333008,123000,7
8,1.4584853649139404,123000,8
9,11.222265243530273,123000,9
10,3.0970098972320557,123000,10
11,2.0462942123413086,123000,11
0,4.740220069885254,124000,0
1,2.348726749420166,124000,1
2,1.0478193759918213,124000,2
3,0.7079507112503052,124000,3
4,0.3272742033004761,124000,4
5,0.40338999032974243,124000,5
6,0.268978089094162,124000,6
7,2.1264703273773193,124000,7
8,1.395894169807434,124000,8
9,2.433612108230591,124000,9
10,1.8418651819229126,124000,10
11,1.986942172050476,124000,11
0,3.5879523754119873,125000,0
1,2.028404712677002,125000,1
2,1.8033429384231567,125000,2
3,1.6448228359222412,125000,3
4,51.92643737792969,125000,4
5,2.6855151653289795,125000,5
6,2.6946935653686523,125000,6
7,5.5037455558776855,125000,7
8,5.125234603881836,125000,8
9,177.71478271484375,125000,9
10,11.018284797668457,125000,10
11,8.16305160522461,125000,11
0,4.232461452484131,126000,0
1,1.7820611000061035,126000,1
2,2.4811856746673584,126000,2
3,2.795182466506958,126000,3
4,1.2486284971237183,126000,4
5,0.6536157131195068,126000,5
6,0.8781571388244629,126000,6
7,1.5470372438430786,126000,7
8,6.799421310424805,126000,8
9,2.357004165649414,126000,9
10,2.818662405014038,126000,10
11,1.5925809144973755,126000,11
0,3.391964912414551,127000,0
1,1.2010743618011475,127000,1
2,0.6309096813201904,127000,2
3,0.8769834041595459,127000,3
4,9.889348983764648,127000,4
5,1.570867657661438,127000,5
6,15.426793098449707,127000,6
7,1.7118085622787476,127000,7
8,1.5035654306411743,127000,8
9,55.22077560424805,127000,9
10,4.660693168640137,127000,10
11,1.7556296586990356,127000,11
0,3.6508495807647705,128000,0
1,1.496862530708313,128000,1
2,0.6574420928955078,128000,2
3,1.7359466552734375,128000,3
4,0.2391766458749771,128000,4
5,0.8093978762626648,128000,5
6,1.6795576810836792,128000,6
7,0.49867114424705505,128000,7
8,1.6303006410598755,128000,8
9,1.9170732498168945,128000,9
10,1.0043623447418213,128000,10
11,0.8711948394775391,128000,11
0,3.3595399856567383,129000,0
1,1.441441535949707,129000,1
2,1.2735881805419922,129000,2
3,1.125396728515625,129000,3
4,1.0734080076217651,129000,4
5,2.1697893142700195,129000,5
6,3.2790441513061523,129000,6
7,2.178807497024536,129000,7
8,3.1714553833007812,129000,8
9,1.2478293180465698,129000,9
10,5.306208610534668,129000,10
11,1.6483323574066162,129000,11
0,3.383030891418457,130000,0
1,3.1004457473754883,130000,1
2,1.4639719724655151,130000,2
3,1.035833477973938,130000,3
4,0.3640845715999603,130000,4
5,0.3383530080318451,130000,5
6,1.5902241468429565,130000,6
7,1.9169702529907227,130000,7
8,2.208246946334839,130000,8
9,0.8923202157020569,130000,9
10,0.7640883922576904,130000,10
11,2.5676913261413574,130000,11
0,4.287468910217285,131000,0
1,1.206831455230713,131000,1
2,2.3274595737457275,131000,2
3,33.20981216430664,131000,3
4,51.973876953125,131000,4
5,13.798412322998047,131000,5
6,6.99604606628418,131000,6
7,5.333185195922852,131000,7
8,15.090903282165527,131000,8
9,5.6317644119262695,131000,9
10,3.8801004886627197,131000,10
11,3.1260383129119873,131000,11
0,3.3961658477783203,132000,0
1,2.034883737564087,132000,1
2,1.5853142738342285,132000,2
3,2.680809259414673,132000,3
4,3.00335431098938,132000,4
5,6.856919765472412,132000,5
6,28.30072593688965,132000,6
7,15.967758178710938,132000,7
8,10.463254928588867,132000,8
9,15.188328742980957,132000,9
10,11.55838680267334,132000,10
11,7.336575031280518,132000,11
0,4.5117058753967285,133000,0
1,1.8586055040359497,133000,1
2,0.6090396046638489,133000,2
3,0.19107241928577423,133000,3
4,1.3887379169464111,133000,4
5,1.9505670070648193,133000,5
6,1.6076594591140747,133000,6
7,5.053339958190918,133000,7
8,2.8541455268859863,133000,8
9,3.219226360321045,133000,9
10,2.803652048110962,133000,10
11,6.336790561676025,133000,11
0,3.352393388748169,134000,0
1,1.7171332836151123,134000,1
2,0.6951773762702942,134000,2
3,0.6261498928070068,134000,3
4,0.49187496304512024,134000,4
5,2.2111401557922363,134000,5
6,0.7531388998031616,134000,6
7,1.6864440441131592,134000,7
8,1.2750258445739746,134000,8
9,0.5732758641242981,134000,9
10,2.682968854904175,134000,10
11,1.5283206701278687,134000,11
0,3.3837952613830566,135000,0
1,0.9773675203323364,135000,1
2,1.0257751941680908,135000,2
3,1.1896953582763672,135000,3
4,0.434655100107193,135000,4
5,0.3508698642253876,135000,5
6,0.863910973072052,135000,6
7,0.75656658411026,135000,7
8,0.45810097455978394,135000,8
9,0.6203442215919495,135000,9
10,2.0737392902374268,135000,10
11,1.661788821220398,135000,11
0,3.5353775024414062,136000,0
1,1.642188549041748,136000,1
2,0.7506163716316223,136000,2
3,0.4328228235244751,136000,3
4,0.8313136696815491,136000,4
5,0.33001944422721863,136000,5
6,0.4424818158149719,136000,6
7,0.6000011563301086,136000,7
8,0.5850622057914734,136000,8
9,2.371511936187744,136000,9
10,0.609917402267456,136000,10
11,11.145670890808105,136000,11
0,3.3464126586914062,137000,0
1,2.374873638153076,137000,1
2,1.5584651231765747,137000,2
3,0.44376710057258606,137000,3
4,2.086266040802002,137000,4
5,0.9845392107963562,137000,5
6,2.959482431411743,137000,6
7,4.006897926330566,137000,7
8,4.18999719619751,137000,8
9,8.788371086120605,137000,9
10,22.832054138183594,137000,10
11,22.490222930908203,137000,11
0,3.3069305419921875,138000,0
1,0.9705663323402405,138000,1
2,0.9482690691947937,138000,2
3,0.7446353435516357,138000,3
4,0.5582608580589294,138000,4
5,1.1113710403442383,138000,5
6,1.0650347471237183,138000,6
7,1.6755305528640747,138000,7
8,1.7651487588882446,138000,8
9,8.528995513916016,138000,9
10,5.707078456878662,138000,10
11,9.107290267944336,138000,11
0,3.6017889976501465,139000,0
1,2.0289576053619385,139000,1
2,1.0236159563064575,139000,2
3,0.33773455023765564,139000,3
4,0.11411991715431213,139000,4
5,0.42250415682792664,139000,5
6,0.09322358667850494,139000,6
7,1.3353842496871948,139000,7
8,2.189594030380249,139000,8
9,0.23994475603103638,139000,9
10,0.15096300840377808,139000,10
11,0.2043897807598114,139000,11
0,3.3471567630767822,140000,0
1,1.8574904203414917,140000,1
2,0.81650310754776,140000,2
3,1.4079511165618896,140000,3
4,0.6785773634910583,140000,4
5,2.0031189918518066,140000,5
6,1.1415725946426392,140000,6
7,4.354934215545654,140000,7
8,5.179505348205566,140000,8
9,3.930593967437744,140000,9
10,2.7477521896362305,140000,10
11,5.210348129272461,140000,11
0,3.6534104347229004,141000,0
1,1.2944632768630981,141000,1
2,0.5466647744178772,141000,2
3,1.094215989112854,141000,3
4,0.15080292522907257,141000,4
5,0.09444727748632431,141000,5
6,2.998537063598633,141000,6
7,12.209949493408203,141000,7
8,0.4279753565788269,141000,8
9,4.808773517608643,141000,9
10,4.337497234344482,141000,10
11,8.039883613586426,141000,11
0,3.562331199645996,142000,0
1,1.1622151136398315,142000,1
2,0.2856749892234802,142000,2
3,0.09118224680423737,142000,3
4,0.031210677698254585,142000,4
5,0.38947364687919617,142000,5
6,0.01727859117090702,142000,6
7,0.036905284970998764,142000,7
8,0.043032556772232056,142000,8
9,0.8633880615234375,142000,9
10,0.03812354430556297,142000,10
11,0.04395917057991028,142000,11
0,3.473203182220459,143000,0
1,1.4659701585769653,143000,1
2,0.5751063823699951,143000,2
3,0.595012366771698,143000,3
4,0.7484812140464783,143000,4
5,4.5848002433776855,143000,5
6,1.5805575847625732,143000,6
7,2.1136269569396973,143000,7
8,3.652261734008789,143000,8
9,2.46720027923584,143000,9
10,1.0570701360702515,143000,10
11,1.4879045486450195,143000,11
0,3.322526454925537,144000,0
1,2.021188735961914,144000,1
2,1.5863771438598633,144000,2
3,0.7974317669868469,144000,3
4,0.6947494149208069,144000,4
5,0.5561772584915161,144000,5
6,1.3925658464431763,144000,6
7,0.28158605098724365,144000,7
8,1.4097729921340942,144000,8
9,0.9737693667411804,144000,9
10,0.3794887363910675,144000,10
11,0.4542151391506195,144000,11
0,3.3227787017822266,145000,0
1,0.9565815925598145,145000,1
2,0.24221448600292206,145000,2
3,0.9192485213279724,145000,3
4,1.361293077468872,145000,4
5,0.7030553221702576,145000,5
6,1.2391446828842163,145000,6
7,1.4300360679626465,145000,7
8,1.4264734983444214,145000,8
9,1.236112117767334,145000,9
10,5.1029181480407715,145000,10
11,1.4400243759155273,145000,11
0,3.4742679595947266,146000,0
1,4.249973297119141,146000,1
2,2.066807746887207,146000,2
3,1.2206541299819946,146000,3
4,1.656803011894226,146000,4
5,0.7144248485565186,146000,5
6,0.3535870611667633,146000,6
7,6.0564398765563965,146000,7
8,4.664539813995361,146000,8
9,20.236196517944336,146000,9
10,4.763472080230713,146000,10
11,21.333934783935547,146000,11
0,4.343858242034912,147000,0
1,1.1855990886688232,147000,1
2,0.41696032881736755,147000,2
3,1.643479347229004,147000,3
4,0.6409602761268616,147000,4
5,17.311199188232422,147000,5
6,0.6808288097381592,147000,6
7,0.8599536418914795,147000,7
8,0.7574276924133301,147000,8
9,0.6592104434967041,147000,9
10,1.618932843208313,147000,10
11,2.6475560665130615,147000,11
0,3.3034985065460205,148000,0
1,2.806704521179199,148000,1
2,1.8944143056869507,148000,2
3,1.2974765300750732,148000,3
4,1.8924129009246826,148000,4
5,0.8732085824012756,148000,5
6,0.6448211669921875,148000,6
7,0.39740830659866333,148000,7
8,2.428553581237793,148000,8
9,1.8094501495361328,148000,9
10,2.9222989082336426,148000,10
11,8.25270938873291,148000,11
0,4.421659469604492,149000,0
1,4.080812931060791,149000,1
2,2.874924421310425,149000,2
3,1.807413935661316,149000,3
4,1.1767325401306152,149000,4
5,2.396322011947632,149000,5
6,1.8702125549316406,149000,6
7,5.172970294952393,149000,7
8,6.54193115234375,149000,8
9,7.957775592803955,149000,9
10,13.66219425201416,149000,10
11,4.433102130889893,149000,11
0,4.064939498901367,150000,0
1,3.2534940242767334,150000,1
2,8.74703598022461,150000,2
3,16.696006774902344,150000,3
4,13.596599578857422,150000,4
5,6.8507184982299805,150000,5
6,4.001338005065918,150000,6
7,6.613667964935303,150000,7
8,6.906750679016113,150000,8
9,4.887521266937256,150000,9
10,11.98452377319336,150000,10
11,5.5354695320129395,150000,11
0,5.6030988693237305,151000,0
1,2.0553388595581055,151000,1
2,0.8145976662635803,151000,2
3,0.22797462344169617,151000,3
4,1.228128433227539,151000,4
5,1.3323218822479248,151000,5
6,2.6134891510009766,151000,6
7,2.5890583992004395,151000,7
8,67.97371673583984,151000,8
9,1.0737230777740479,151000,9
10,3.182915210723877,151000,10
11,2.906318426132202,151000,11
0,3.6494390964508057,152000,0
1,1.7246387004852295,152000,1
2,0.7809494733810425,152000,2
3,0.16509270668029785,152000,3
4,1.0209217071533203,152000,4
5,0.20598271489143372,152000,5
6,1.4222849607467651,152000,6
7,0.20213845372200012,152000,7
8,1.5383195877075195,152000,8
9,1.1767656803131104,152000,9
10,1.338524580001831,152000,10
11,0.31514987349510193,152000,11
0,3.387801170349121,153000,0
1,2.2419681549072266,153000,1
2,1.2027667760849,153000,2
3,2.38053297996521,153000,3
4,0.6407697796821594,153000,4
5,1.3940820693969727,153000,5
6,0.9205710887908936,153000,6
7,4.110865592956543,153000,7
8,1.4183567762374878,153000,8
9,2.0066590309143066,153000,9
10,4.19811487197876,153000,10
11,1.9250872135162354,153000,11
0,3.29134202003479,154000,0
1,1.0788099765777588,154000,1
2,0.2767743170261383,154000,2
3,1.2550973892211914,154000,3
4,2.312177896499634,154000,4
5,1.8060139417648315,154000,5
6,1.3699476718902588,154000,6
7,1.486677885055542,154000,7
8,0.8805718421936035,154000,8
9,3.6238532066345215,154000,9
10,2.8120970726013184,154000,10
11,33.637481689453125,154000,11
0,3.3017194271087646,155000,0
1,0.9323186874389648,155000,1
2,1.0198813676834106,155000,2
3,0.3822833001613617,155000,3
4,0.3241922855377197,155000,4
5,1.0231378078460693,155000,5
6,1.1513148546218872,155000,6
7,0.6798956990242004,155000,7
8,0.8654863238334656,155000,8
9,0.41571763157844543,155000,9
10,0.5498586297035217,155000,10
11,11.003066062927246,155000,11
0,3.3987135887145996,156000,0
1,1.711052656173706,156000,1
2,0.7665656805038452,156000,2
3,0.9854205846786499,156000,3
4,0.5656301379203796,156000,4
5,21.91139030456543,156000,5
6,1.4805048704147339,156000,6
7,15.927038192749023,156000,7
8,1.7101653814315796,156000,8
9,5.5126872062683105,156000,9
10,2.1836042404174805,156000,10
11,3.5345726013183594,156000,11
0,3.4025588035583496,157000,0
1,1.1201770305633545,157000,1
2,0.28646120429039,157000,2
3,0.08912228047847748,157000,3
4,2.4081931114196777,157000,4
5,0.05686982721090317,157000,5
6,0.06456033140420914,157000,6
7,0.06300319731235504,157000,7
8,0.8511136770248413,157000,8
9,0.0774150863289833,157000,9
10,0.45601895451545715,157000,10
11,0.7304924130439758,157000,11
0,3.7765860557556152,158000,0
1,1.9090197086334229,158000,1
2,1.0289758443832397,158000,2
3,0.9319726824760437,158000,3
4,1.173599362373352,158000,4
5,0.6189737319946289,158000,5
6,0.5351962447166443,158000,6
7,0.5270914435386658,158000,7
8,0.28704506158828735,158000,8
9,1.124057650566101,158000,9
10,1.0746996402740479,158000,10
11,1.075718879699707,158000,11
0,3.527514934539795,159000,0
1,1.2215949296951294,159000,1
2,1.2467856407165527,159000,2
3,2.144338607788086,159000,3
4,42.5817756652832,159000,4
5,10.60816764831543,159000,5
6,6.7916741371154785,159000,6
7,3.912503957748413,159000,7
8,10.723169326782227,159000,8
9,3.519465446472168,159000,9
10,19.070335388183594,159000,10
11,8.079479217529297,159000,11
0,3.3145389556884766,160000,0
1,2.3257553577423096,160000,1
2,1.700232744216919,160000,2
3,1.5537567138671875,160000,3
4,8.826864242553711,160000,4
5,1.7778204679489136,160000,5
6,4.020157814025879,160000,6
7,1.8535308837890625,160000,7
8,1.2766413688659668,160000,8
9,2.087319850921631,160000,9
10,4.4006733894348145,160000,10
11,562.5142211914062,160000,11
0,3.296491861343384,161000,0
1,1.1112501621246338,161000,1
2,1.0869083404541016,161000,2
3,0.36743658781051636,161000,3
4,0.3046809136867523,161000,4
5,0.21535243093967438,161000,5
6,1.233765959739685,161000,6
7,0.11978692561388016,161000,7
8,0.46111589670181274,161000,8
9,1.0029077529907227,161000,9
10,2.329202175140381,161000,10
11,2.0082550048828125,161000,11
0,3.300971031188965,162000,0
1,0.981218695640564,162000,1
2,0.8968371748924255,162000,2
3,2.072582721710205,162000,3
4,1.3947389125823975,162000,4
5,6.725371837615967,162000,5
6,4.8823113441467285,162000,6
7,5.010112285614014,162000,7
8,5.694343090057373,162000,8
9,5.7690229415893555,162000,9
10,5.845999717712402,162000,10
11,12.001173973083496,162000,11
0,3.4022061824798584,163000,0
1,0.9410292506217957,163000,1
2,1.385044813156128,163000,2
3,0.6687653064727783,163000,3
4,0.5720866918563843,163000,4
5,4.7298970222473145,163000,5
6,4.934198379516602,163000,6
7,2.2485744953155518,163000,7
8,16.79214859008789,163000,8
9,3.2915542125701904,163000,9
10,1.7973698377609253,163000,10
11,2.1083478927612305,163000,11
0,3.440622329711914,164000,0
1,0.9553095698356628,164000,1
2,0.2721423804759979,164000,2
3,0.9441014528274536,164000,3
4,1.3694958686828613,164000,4
5,0.22713793814182281,164000,5
6,0.2098304182291031,164000,6
7,0.4041222333908081,164000,7
8,0.8427508473396301,164000,8
9,0.6095889806747437,164000,9
10,1.477466344833374,164000,10
11,0.6082776188850403,164000,11
0,3.4791390895843506,165000,0
1,1.4522521495819092,165000,1
2,0.6172112822532654,165000,2
3,0.25541043281555176,165000,3
4,0.42128247022628784,165000,4
5,1.5619465112686157,165000,5
6,4.345546245574951,165000,6
7,3.033565044403076,165000,7
8,3.6739065647125244,165000,8
9,2.4033684730529785,165000,9
10,1.813683271408081,165000,10
11,1.0122511386871338,165000,11
0,3.3402514457702637,166000,0
1,2.1196553707122803,166000,1
2,1.105028748512268,166000,2
3,0.8660219311714172,166000,3
4,0.8512618541717529,166000,4
5,1.7091237306594849,166000,5
6,1.3265013694763184,166000,6
7,0.7733731865882874,166000,7
8,2.230118751525879,166000,8
9,1.3679267168045044,166000,9
10,0.7186216115951538,166000,10
11,1.4469431638717651,166000,11
0,3.3710310459136963,167000,0
1,1.0522074699401855,167000,1
2,0.5886720418930054,167000,2
3,1.6962445974349976,167000,3
4,0.5070933699607849,167000,4
5,3.728602170944214,167000,5
6,0.6027518510818481,167000,6
7,0.609721839427948,167000,7
8,0.9112107753753662,167000,8
9,2.023291826248169,167000,9
10,0.8456753492355347,167000,10
11,1.1418105363845825,167000,11
0,4.957258224487305,168000,0
1,2.1324405670166016,168000,1
2,1.9988582134246826,168000,2
3,1.2315844297409058,168000,3
4,1.0631341934204102,168000,4
5,0.6726176738739014,168000,5
6,0.46288278698921204,168000,6
7,0.39158323407173157,168000,7
8,0.5441291928291321,168000,8
9,0.28424450755119324,168000,9
10,0.9674682021141052,168000,10
11,20.704814910888672,168000,11
0,4.724416732788086,169000,0
1,1.6000834703445435,169000,1
2,1.6334969997406006,169000,2
3,27.4907283782959,169000,3
4,2.9631235599517822,169000,4
5,14.553921699523926,169000,5
6,10.654541015625,169000,6
7,6.728748321533203,169000,7
8,15.717849731445312,169000,8
9,37.22616958618164,169000,9
10,74.0417251586914,169000,10
11,12.774136543273926,169000,11
0,3.42425537109375,170000,0
1,2.7045209407806396,170000,1
2,21.90094757080078,170000,2
3,52.74738693237305,170000,3
4,21.63846206665039,170000,4
5,19.127262115478516,170000,5
6,6.819149971008301,170000,6
7,6.730585098266602,170000,7
8,6.565883159637451,170000,8
9,37.386199951171875,170000,9
10,15.44350528717041,170000,10
11,7.615538120269775,170000,11
0,4.101883888244629,171000,0
1,1.1174107789993286,171000,1
2,1.2945337295532227,171000,2
3,0.8944457173347473,171000,3
4,7.028356075286865,171000,4
5,1.8127998113632202,171000,5
6,1.4622888565063477,171000,6
7,2.67783784866333,171000,7
8,11.005315780639648,171000,8
9,4.988601207733154,171000,9
10,12.99096393585205,171000,10
11,15.64648723602295,171000,11
0,4.379859447479248,172000,0
1,1.2319064140319824,172000,1
2,0.6996273398399353,172000,2
3,16.293834686279297,172000,3
4,2.8992919921875,172000,4
5,14.570290565490723,172000,5
6,9.016715049743652,172000,6
7,15.9783935546875,172000,7
8,16.734020233154297,172000,8
9,5.267209529876709,172000,9
10,6.091109275817871,172000,10
11,9.059303283691406,172000,11
0,3.3834164142608643,173000,0
1,2.6290016174316406,173000,1
2,1.3107669353485107,173000,2
3,0.9666544795036316,173000,3
4,1.116995930671692,173000,4
5,0.2898930311203003,173000,5
6,1.5099496841430664,173000,6
7,2.8691611289978027,173000,7
8,4.875189781188965,173000,8
9,2.1954336166381836,173000,9
10,1.7508149147033691,173000,10
11,4.586358547210693,173000,11
0,3.240208387374878,174000,0
1,0.9314125776290894,174000,1
2,1.3465358018875122,174000,2
3,1.5441796779632568,174000,3
4,0.4155876040458679,174000,4
5,0.344598650932312,174000,5
6,1.445107102394104,174000,6
7,2.2714624404907227,174000,7
8,0.9287890791893005,174000,8
9,9.279943466186523,174000,9
10,2.280534267425537,174000,10
11,1.6162965297698975,174000,11
0,3.3379127979278564,175000,0
1,3.461989641189575,175000,1
2,1.208163857460022,175000,2
3,1.384074330329895,175000,3
4,0.8696867823600769,175000,4
5,0.697955846786499,175000,5
6,0.6288532614707947,175000,6
7,1.2110000848770142,175000,7
8,0.6743668913841248,175000,8
9,0.9869436621665955,175000,9
10,1.6601381301879883,175000,10
11,0.6251972913742065,175000,11
0,3.2238385677337646,176000,0
1,1.1625473499298096,176000,1
2,2.409740686416626,176000,2
3,1.4975124597549438,176000,3
4,1.2825864553451538,176000,4
5,6.916316032409668,176000,5
6,2.539984941482544,176000,6
7,7.402092456817627,176000,7
8,12.972630500793457,176000,8
9,27.064186096191406,176000,9
10,31.10292625427246,176000,10
11,17.54330825805664,176000,11
0,3.8874998092651367,177000,0
1,1.9469985961914062,177000,1
2,2.382382869720459,177000,2
3,1.1904449462890625,177000,3
4,1.8495230674743652,177000,4
5,2.579899311065674,177000,5
6,0.9381057620048523,177000,6
7,0.9784042239189148,177000,7
8,1.414526343345642,177000,8
9,1.8354533910751343,177000,9
10,1.7995820045471191,177000,10
11,4.453023433685303,177000,11
0,4.6272077560424805,178000,0
1,1.4280753135681152,178000,1
2,0.49860355257987976,178000,2
3,0.1695302277803421,178000,3
4,0.050695404410362244,178000,4
5,0.01548719685524702,178000,5
6,0.004239572212100029,178000,6
7,2.0463991165161133,178000,7
8,0.06974207609891891,178000,8
9,1.2329723834991455,178000,9
10,0.8805243968963623,178000,10
11,0.014376240782439709,178000,11
0,3.238039970397949,179000,0
1,0.9164097309112549,179000,1
2,0.23381991684436798,179000,2
3,0.06090136989951134,179000,3
4,0.020582281053066254,179000,4
5,0.00506406556814909,179000,5
6,0.0017195940017700195,179000,6
7,1.1581058502197266,179000,7
8,0.3509131371974945,179000,8
9,0.3420011103153229,179000,9
10,0.014142015017569065,179000,10
11,1.550915002822876,179000,11
0,3.2443137168884277,180000,0
1,1.8146601915359497,180000,1
2,1.907142996788025,180000,2
3,0.9858362078666687,180000,3
4,0.5675309896469116,180000,4
5,0.7346504330635071,180000,5
6,0.4293206036090851,180000,6
7,0.9352880120277405,180000,7
8,0.3316076695919037,180000,8
9,0.2770276665687561,180000,9
10,1.426875114440918,180000,10
11,1.410905361175537,180000,11
0,6.058342933654785,181000,0
1,2.6961569786071777,181000,1
2,0.9725553393363953,181000,2
3,0.2722470164299011,181000,3
4,1.2480777502059937,181000,4
5,0.7042238116264343,181000,5
6,0.26655614376068115,181000,6
7,0.6584896445274353,181000,7
8,0.4310639798641205,181000,8
9,8.562888145446777,181000,9
10,0.6945102214813232,181000,10
11,5.283009052276611,181000,11
0,3.217278003692627,182000,0
1,2.0525128841400146,182000,1
2,1.3091315031051636,182000,2
3,1.0656019449234009,182000,3
4,0.7816129326820374,182000,4
5,2.4888548851013184,182000,5
6,2.1545486450195312,182000,6
7,1.697533369064331,182000,7
8,7.808830261230469,182000,8
9,4.384337425231934,182000,9
10,14.29694652557373,182000,10
11,2.2465219497680664,182000,11
0,4.1403656005859375,183000,0
1,1.4199777841567993,183000,1
2,1.085674524307251,183000,2
3,0.5724760293960571,183000,3
4,0.36197441816329956,183000,4
5,0.6432909965515137,183000,5
6,0.5556992888450623,183000,6
7,2.289828300476074,183000,7
8,5.727438449859619,183000,8
9,5.711333751678467,183000,9
10,8.372003555297852,183000,10
11,19.25091552734375,183000,11
0,3.2767698764801025,184000,0
1,0.9170060753822327,184000,1
2,0.2586788535118103,184000,2
3,1.8606845140457153,184000,3
4,1.0846060514450073,184000,4
5,2.385221004486084,184000,5
6,1.8853636980056763,184000,6
7,0.8388822078704834,184000,7
8,2.147125720977783,184000,8
9,2.391822099685669,184000,9
10,2.252241373062134,184000,10
11,2.3091015815734863,184000,11
0,4.891540050506592,185000,0
1,2.120469570159912,185000,1
2,0.8326890468597412,185000,2
3,0.4021192491054535,185000,3
4,1.3751009702682495,185000,4
5,0.9367928504943848,185000,5
6,0.5897068381309509,185000,6
7,0.9249868988990784,185000,7
8,0.81937575340271,185000,8
9,2.4155943393707275,185000,9
10,2.813998222351074,185000,10
11,1.5104349851608276,185000,11
0,3.4700064659118652,186000,0
1,1.2487578392028809,186000,1
2,1.4005697965621948,186000,2
3,1.5823544263839722,186000,3
4,3.488632917404175,186000,4
5,4.496278285980225,186000,5
6,1.6948425769805908,186000,6
7,6.54838228225708,186000,7
8,21.705425262451172,186000,8
9,58.21162414550781,186000,9
10,2.922369956970215,186000,10
11,3.322598457336426,186000,11
0,5.2254204750061035,187000,0
1,2.2312276363372803,187000,1
2,1.6811347007751465,187000,2
3,67.40750122070312,187000,3
4,3.535135507583618,187000,4
5,10.532903671264648,187000,5
6,2.243886709213257,187000,6
7,2.4553842544555664,187000,7
8,3.3329079151153564,187000,8
9,6.9044599533081055,187000,9
10,5.024349212646484,187000,10
11,11.11097240447998,187000,11
0,3.184755325317383,188000,0
1,3.869168281555176,188000,1
2,2.972182273864746,188000,2
3,18.00735092163086,188000,3
4,3.2097153663635254,188000,4
5,3.310692548751831,188000,5
6,1.997330665588379,188000,6
7,1.669800877571106,188000,7
8,1.3835487365722656,188000,8
9,4.138503551483154,188000,9
10,3.992729902267456,188000,10
11,4.413951396942139,188000,11
0,3.2867069244384766,189000,0
1,1.6751680374145508,189000,1
2,2.950486898422241,189000,2
3,0.5666881799697876,189000,3
4,0.8571943640708923,189000,4
5,5.30457067489624,189000,5
6,22.47539710998535,189000,6
7,4.313288688659668,189000,7
8,19.187673568725586,189000,8
9,9.787768363952637,189000,9
10,37.049434661865234,189000,10
11,219.94647216796875,189000,11
0,4.554156303405762,190000,0
1,2.5266003608703613,190000,1
2,1.2482811212539673,190000,2
3,3.0068888664245605,190000,3
4,1.8756834268569946,190000,4
5,6.218942165374756,190000,5
6,1.6440287828445435,190000,6
7,1.9430291652679443,190000,7
8,2.303161382675171,190000,8
9,2.325406551361084,190000,9
10,1.1622217893600464,190000,10
11,3.267221689224243,190000,11
0,3.169309377670288,191000,0
1,1.8094829320907593,191000,1
2,0.67095547914505,191000,2
3,2.0833144187927246,191000,3
4,2.15317964553833,191000,4
5,8.275318145751953,191000,5
6,3.195490598678589,191000,6
7,2.669135808944702,191000,7
8,2.0509603023529053,191000,8
9,1.5813324451446533,191000,9
10,2.235757350921631,191000,10
11,1.8997799158096313,191000,11
0,3.402308940887451,192000,0
1,1.1946656703948975,192000,1
2,0.483521968126297,192000,2
3,0.20818506181240082,192000,3
4,0.05996274948120117,192000,4
5,0.01300312951207161,192000,5
6,0.0041625103913247585,192000,6
7,0.0015827937750145793,192000,7
8,1.2048747539520264,192000,8
9,0.3316218852996826,192000,9
10,0.3409837484359741,192000,10
11,3.634464979171753,192000,11
0,3.3170957565307617,193000,0
1,1.936416506767273,193000,1
2,0.9596350789070129,193000,2
3,0.9897500872612,193000,3
4,2.140428066253662,193000,4
5,3.0295722484588623,193000,5
6,1.9528231620788574,193000,6
7,1.4803004264831543,193000,7
8,1.4770594835281372,193000,8
9,4.033332824707031,193000,9
10,7.8068695068359375,193000,10
11,22.88759422302246,193000,11
0,3.167855739593506,194000,0
1,2.0706913471221924,194000,1
2,1.0725550651550293,194000,2
3,2.0253217220306396,194000,3
4,1.683546543121338,194000,4
5,2.1834769248962402,194000,5
6,78.45760345458984,194000,6
7,3.021390438079834,194000,7
8,27.22905158996582,194000,8
9,4.687037944793701,194000,9
10,11.00986385345459,194000,10
11,22.205242156982422,194000,11
0,3.2254798412323,195000,0
1,1.8157597780227661,195000,1
2,0.854087769985199,195000,2
3,0.5689770579338074,195000,3
4,0.7320694923400879,195000,4
5,0.6099104285240173,195000,5
6,18.876676559448242,195000,6
7,2.579638957977295,195000,7
8,3.75598406791687,195000,8
9,5.381546497344971,195000,9
10,7.612005233764648,195000,10
11,5.112887382507324,195000,11
0,3.160520315170288,196000,0
1,1.9085421562194824,196000,1
2,1.5786728858947754,196000,2
3,1.8770076036453247,196000,3
4,2.5674383640289307,196000,4
5,1.245720624923706,196000,5
6,2.228433609008789,196000,6
7,0.853062629699707,196000,7
8,0.7125161290168762,196000,8
9,1.128140926361084,196000,9
10,0.9670064449310303,196000,10
11,6.19305419921875,196000,11
0,3.306675672531128,197000,0
1,1.476614236831665,197000,1
2,1.6618796586990356,197000,2
3,1.5560433864593506,197000,3
4,0.5066625475883484,197000,4
5,3.151297092437744,197000,5
6,5.491568565368652,197000,6
7,25.097793579101562,197000,7
8,7.245997905731201,197000,8
9,7.495902061462402,197000,9
10,4.7940354347229,197000,10
11,6.987491607666016,197000,11
0,3.1421189308166504,198000,0
1,1.7376996278762817,198000,1
2,0.939182460308075,198000,2
3,1.2664458751678467,198000,3
4,2.8640074729919434,198000,4
5,1.4536731243133545,198000,5
6,0.8444097638130188,198000,6
7,0.5543606281280518,198000,7
8,0.7180312871932983,198000,8
9,0.8639032244682312,198000,9
10,1.555122971534729,198000,10
11,0.9211657643318176,198000,11
0,3.137371778488159,199000,0
1,1.8482370376586914,199000,1
2,1.3272467851638794,199000,2
3,2.0736889839172363,199000,3
4,0.6652325987815857,199000,4
5,1.2542343139648438,199000,5
6,0.6181904077529907,199000,6
7,1.5408625602722168,199000,7
8,1.3824350833892822,199000,8
9,0.26625677943229675,199000,9
10,0.8708176612854004,199000,10
11,0.24311846494674683,199000,11
0,3.2195842266082764,200000,0
1,1.4082821607589722,200000,1
2,2.1103084087371826,200000,2
3,0.616692066192627,200000,3
4,0.5656928420066833,200000,4
5,0.4099143445491791,200000,5
6,0.41906964778900146,200000,6
7,1.3553110361099243,200000,7
8,0.9079693555831909,200000,8
9,1.4864585399627686,200000,9
10,2.1062302589416504,200000,10
11,11.192230224609375,200000,11
0,3.3140439987182617,201000,0
1,1.9807045459747314,201000,1
2,2.581897497177124,201000,2
3,16.30477523803711,201000,3
4,5.863616943359375,201000,4
5,3.2147116661071777,201000,5
6,35.76902770996094,201000,6
7,2.612853765487671,201000,7
8,3.752009868621826,201000,8
9,2.9730238914489746,201000,9
10,11.27331829071045,201000,10
11,4.196168422698975,201000,11
0,3.0217063426971436,202000,0
1,1.4329620599746704,202000,1
2,0.5298104286193848,202000,2
3,1.377228856086731,202000,3
4,2.310487747192383,202000,4
5,13.594389915466309,202000,5
6,1.8942409753799438,202000,6
7,2.1857008934020996,202000,7
8,3.565762519836426,202000,8
9,2.236534833908081,202000,9
10,2.3264424800872803,202000,10
11,31.71310043334961,202000,11
0,3.2416040897369385,203000,0
1,1.682867169380188,203000,1
2,0.7708649635314941,203000,2
3,0.819094181060791,203000,3
4,13.294031143188477,203000,4
5,10.936995506286621,203000,5
6,4.982562065124512,203000,6
7,3.285686731338501,203000,7
8,2.1692991256713867,203000,8
9,1.5424898862838745,203000,9
10,10.266548156738281,203000,10
11,15.064919471740723,203000,11
0,3.1843669414520264,204000,0
1,1.1449205875396729,204000,1
2,0.4723343849182129,204000,2
3,0.5344522595405579,204000,3
4,0.2561444640159607,204000,4
5,0.6231019496917725,204000,5
6,0.5330266356468201,204000,6
7,0.21444162726402283,204000,7
8,0.2088732123374939,204000,8
9,1.2131240367889404,204000,9
10,0.9540774822235107,204000,10
11,2.714419364929199,204000,11
0,4.343796730041504,205000,0
1,1.9223219156265259,205000,1
2,1.8774828910827637,205000,2
3,1.3379970788955688,205000,3
4,0.497454971075058,205000,4
5,1.490240454673767,205000,5
6,1.9073299169540405,205000,6
7,3.8497977256774902,205000,7
8,8.29434871673584,205000,8
9,28.127634048461914,205000,9
10,13.87994384765625,205000,10
11,18.77682113647461,205000,11
0,3.0609934329986572,206000,0
1,2.323838710784912,206000,1
2,1.3667885065078735,206000,2
3,0.8475471138954163,206000,3
4,0.6258676052093506,206000,4
5,0.9483408331871033,206000,5
6,0.7496206164360046,206000,6
7,2.4781570434570312,206000,7
8,1.9373879432678223,206000,8
9,0.6926498413085938,206000,9
10,1.176596760749817,206000,10
11,1.1982275247573853,206000,11
0,3.236117362976074,207000,0
1,1.1417473554611206,207000,1
2,1.2387964725494385,207000,2
3,0.8013423681259155,207000,3
4,0.5454853177070618,207000,4
5,0.40545809268951416,207000,5
6,0.9640308022499084,207000,6
7,1.713801622390747,207000,7
8,0.7999810576438904,207000,8
9,2.7435686588287354,207000,9
10,0.5632086396217346,207000,10
11,1.8640884160995483,207000,11
0,3.209421157836914,208000,0
1,1.6082736253738403,208000,1
2,2.9320592880249023,208000,2
3,1.969300627708435,208000,3
4,1.5832022428512573,208000,4
5,9.212857246398926,208000,5
6,2.5916502475738525,208000,6
7,2.1551549434661865,208000,7
8,1.4014620780944824,208000,8
9,0.9427596926689148,208000,9
10,1.5927400588989258,208000,10
11,0.8646921515464783,208000,11
0,3.197690725326538,209000,0
1,1.0348708629608154,209000,1
2,0.25520387291908264,209000,2
3,1.7444818019866943,209000,3
4,1.6942057609558105,209000,4
5,4.989622116088867,209000,5
6,39.98013687133789,209000,6
7,10.887038230895996,209000,7
8,209.06951904296875,209000,8
9,10.537032127380371,209000,9
10,26.475385665893555,209000,10
11,11.278768539428711,209000,11
0,5.472121715545654,210000,0
1,2.8615663051605225,210000,1
2,1.791735053062439,210000,2
3,4.312926769256592,210000,3
4,2.3551712036132812,210000,4
5,3.1935875415802,210000,5
6,1.6368563175201416,210000,6
7,18.866342544555664,210000,7
8,1.6235674619674683,210000,8
9,1.9368656873703003,210000,9
10,1.8143008947372437,210000,10
11,1.5871989727020264,210000,11
0,3.382532835006714,211000,0
1,1.0019532442092896,211000,1
2,0.5208433866500854,211000,2
3,0.24095803499221802,211000,3
4,0.13253800570964813,211000,4
5,0.03984983265399933,211000,5
6,0.009650873951613903,211000,6
7,1.0286837816238403,211000,7
8,0.022874705493450165,211000,8
9,1.1612499952316284,211000,9
10,1.2574679851531982,211000,10
11,1.4923598766326904,211000,11
0,3.1650617122650146,212000,0
1,1.0215269327163696,212000,1
2,0.2628486454486847,212000,2
3,0.0842367634177208,212000,3
4,0.02751222439110279,212000,4
5,0.007817188277840614,212000,5
6,0.0026650726795196533,212000,6
7,0.000668534601572901,212000,7
8,0.32928645610809326,212000,8
9,0.8745195269584656,212000,9
10,0.0012991914991289377,212000,10
11,0.00224639312364161,212000,11
0,3.1003146171569824,213000,0
1,1.4356868267059326,213000,1
2,1.1375846862792969,213000,2
3,0.6728335618972778,213000,3
4,1.38199782371521,213000,4
5,2.176281452178955,213000,5
6,0.8856526613235474,213000,6
7,1.7057883739471436,213000,7
8,0.7084952592849731,213000,8
9,2.1134655475616455,213000,9
10,0.953253448009491,213000,10
11,1.2919867038726807,213000,11
0,4.210287094116211,214000,0
1,1.200952410697937,214000,1
2,0.36398062109947205,214000,2
3,1.3250689506530762,214000,3
4,0.1306133270263672,214000,4
5,1.5049654245376587,214000,5
6,0.4398558437824249,214000,6
7,1.2216180562973022,214000,7
8,1.0021936893463135,214000,8
9,16.315338134765625,214000,9
10,10.039286613464355,214000,10
11,19.706581115722656,214000,11
0,3.0389480590820312,215000,0
1,2.1098153591156006,215000,1
2,1.9867157936096191,215000,2
3,1.6898775100708008,215000,3
4,0.9568151831626892,215000,4
5,1.7616057395935059,215000,5
6,2.05873441696167,215000,6
7,2.115511655807495,215000,7
8,1.5505669116973877,215000,8
9,3.3252604007720947,215000,9
10,2.6956114768981934,215000,10
11,3.3302016258239746,215000,11
0,3.277200937271118,216000,0
1,1.6738471984863281,216000,1
2,1.9652636051177979,216000,2
3,0.8747991919517517,216000,3
4,1.6099201440811157,216000,4
5,0.5163239240646362,216000,5
6,1.4869041442871094,216000,6
7,2.2620351314544678,216000,7
8,2.641496419906616,216000,8
9,2.966503858566284,216000,9
10,3.636176824569702,216000,10
11,6.051502704620361,216000,11
0,3.178318738937378,217000,0
1,0.9004518389701843,217000,1
2,2.571610450744629,217000,2
3,1.0882821083068848,217000,3
4,1.7599354982376099,217000,4
5,1.2216041088104248,217000,5
6,1.621396780014038,217000,6
7,3.4856650829315186,217000,7
8,7.1724395751953125,217000,8
9,32.89077377319336,217000,9
10,6.372400283813477,217000,10
11,15.14825439453125,217000,11
0,4.231603622436523,218000,0
1,1.973381757736206,218000,1
2,0.7773348689079285,218000,2
3,1.0019950866699219,218000,3
4,0.6864259243011475,218000,4
5,0.7843431830406189,218000,5
6,0.5787261724472046,218000,6
7,1.5228720903396606,218000,7
8,1.515220284461975,218000,8
9,2.752046585083008,218000,9
10,4.963692665100098,218000,10
11,3.2781829833984375,218000,11
0,4.229349136352539,219000,0
1,1.3904962539672852,219000,1
2,0.5346165895462036,219000,2
3,0.7588853240013123,219000,3
4,0.6248070597648621,219000,4
5,0.3436814844608307,219000,5
6,1.3807940483093262,219000,6
7,1.4108768701553345,219000,7
8,0.15742787718772888,219000,8
9,0.453867644071579,219000,9
10,1.8944480419158936,219000,10
11,0.2049664407968521,219000,11
0,4.594940185546875,220000,0
1,2.676469564437866,220000,1
2,2.6507132053375244,220000,2
3,0.9841865301132202,220000,3
4,2.34660267829895,220000,4
5,1.8409090042114258,220000,5
6,15.09887981414795,220000,6
7,3.534802198410034,220000,7
8,2.0328218936920166,220000,8
9,2.464167594909668,220000,9
10,4.273166656494141,220000,10
11,1.2834115028381348,220000,11
0,3.3726141452789307,221000,0
1,0.9276918172836304,221000,1
2,0.2535451650619507,221000,2
3,0.06886454671621323,221000,3
4,0.8726165294647217,221000,4
5,0.994824230670929,221000,5
6,0.4083046317100525,221000,6
7,0.13695941865444183,221000,7
8,1.026464581489563,221000,8
9,2.861158847808838,221000,9
10,0.9952832460403442,221000,10
11,1.2673994302749634,221000,11
0,3.0412395000457764,222000,0
1,2.8311660289764404,222000,1
2,1.5513142347335815,222000,2
3,1.2799593210220337,222000,3
4,0.5432633757591248,222000,4
5,0.30538541078567505,222000,5
6,1.2030342817306519,222000,6
7,1.4000296592712402,222000,7
8,0.2944503426551819,222000,8
9,0.28289318084716797,222000,9
10,0.17280054092407227,222000,10
11,0.162904292345047,222000,11
0,3.2370445728302,223000,0
1,1.3692342042922974,223000,1
2,1.2184245586395264,223000,2
3,0.6412100195884705,223000,3
4,0.37024229764938354,223000,4
5,0.27431821823120117,223000,5
6,1.8141669034957886,223000,6
7,2.827176570892334,223000,7
8,0.8929542303085327,223000,8
9,3.238295793533325,223000,9
10,8.866816520690918,223000,10
11,14.349481582641602,223000,11
0,3.459265947341919,224000,0
1,1.4378879070281982,224000,1
2,0.48052534461021423,224000,2
3,0.155904158949852,224000,3
4,0.912655234336853,224000,4
5,8.561989784240723,224000,5
6,2.2127044200897217,224000,6
7,1.2174931764602661,224000,7
8,0.8535376191139221,224000,8
9,3.121291399002075,224000,9
10,7.342202663421631,224000,10
11,3.927417755126953,224000,11
0,3.168649911880493,225000,0
1,1.730252981185913,225000,1
2,2.1217167377471924,225000,2
3,1.185401439666748,225000,3
4,0.6970845460891724,225000,4
5,0.3509039580821991,225000,5
6,1.179434895515442,225000,6
7,1.016788125038147,225000,7
8,1.5530586242675781,225000,8
9,1.277000069618225,225000,9
10,0.9420727491378784,225000,10
11,1.2531845569610596,225000,11
0,3.374514579772949,226000,0
1,1.2423312664031982,226000,1
2,0.7026755809783936,226000,2
3,2.2851686477661133,226000,3
4,0.3962279260158539,226000,4
5,0.9932458996772766,226000,5
6,2.170008659362793,226000,6
7,2.5356826782226562,226000,7
8,1.2476638555526733,226000,8
9,14.408821105957031,226000,9
10,2.59024715423584,226000,10
11,3.987497568130493,226000,11
0,3.275974988937378,227000,0
1,0.9101794362068176,227000,1
2,1.0164369344711304,227000,2
3,0.39744213223457336,227000,3
4,0.34725239872932434,227000,4
5,0.24335874617099762,227000,5
6,0.9665243029594421,227000,6
7,2.1925597190856934,227000,7
8,2.195998191833496,227000,8
9,1.7036031484603882,227000,9
10,0.38549917936325073,227000,10
11,0.43858203291893005,227000,11
0,3.195941686630249,228000,0
1,1.5347403287887573,228000,1
2,1.1773120164871216,228000,2
3,1.2898504734039307,228000,3
4,0.5862546563148499,228000,4
5,1.1520968675613403,228000,5
6,0.6415439248085022,228000,6
7,0.9114960432052612,228000,7
8,2.13386869430542,228000,8
9,1.8009542226791382,228000,9
10,8.0081787109375,228000,10
11,3.46284556388855,228000,11
0,3.1731815338134766,229000,0
1,1.5013905763626099,229000,1
2,0.6913720369338989,229000,2
3,2.5605664253234863,229000,3
4,0.8783174157142639,229000,4
5,0.4671471416950226,229000,5
6,0.508382260799408,229000,6
7,1.042399525642395,229000,7
8,0.95049649477005,229000,8
9,2.007601261138916,229000,9
10,1.0553457736968994,229000,10
11,6.018033504486084,229000,11
0,4.5812530517578125,230000,0
1,1.6347229480743408,230000,1
2,0.4850054681301117,230000,2
3,0.1482134610414505,230000,3
4,2.4907445907592773,230000,4
5,0.21163925528526306,230000,5
6,2.5017611980438232,230000,6
7,0.2700892984867096,230000,7
8,1.187511920928955,230000,8
9,0.345425009727478,230000,9
10,3.1443450450897217,230000,10
11,0.4069587290287018,230000,11
0,4.540554523468018,231000,0
1,3.2473220825195312,231000,1
2,1.4243351221084595,231000,2
3,0.6327885985374451,231000,3
4,0.2484913319349289,231000,4
5,0.1367097795009613,231000,5
6,0.34529444575309753,231000,6
7,0.940987765789032,231000,7
8,0.3076015114784241,231000,8
9,0.5141010880470276,231000,9
10,0.49041876196861267,231000,10
11,1.3505057096481323,231000,11
0,3.170351266860962,232000,0
1,0.9163346886634827,232000,1
2,1.0278643369674683,232000,2
3,0.3719046413898468,232000,3
4,0.31588125228881836,232000,4
5,0.22564120590686798,232000,5
6,0.10426685959100723,232000,6
7,1.270969271659851,232000,7
8,0.08727602660655975,232000,8
9,0.07848822325468063,232000,9
10,0.3838697373867035,232000,10
11,0.39304783940315247,232000,11
